Name	Completeness	Contamination	Completeness_Model_Used	Translation_Table_Used	Coding_Density	Contig_N50	Average_Gene_Length	Genome_Size	GC_Content	Total_Coding_Sequences	Total_Contigs	Max_Contig_Length	Additional_Notes
SAMN02442768	100.0	0.44	Neural Network (Specific Model)	11	0.874	167578	300.7112380952381	5406863	0.5	5250	189	353569	None
SAMN02442769	100.0	0.44	Neural Network (Specific Model)	11	0.875	166321	299.9887875332573	5404821	0.5	5262	195	353569	None
SAMN02442771	100.0	0.25	Neural Network (Specific Model)	11	0.875	166310	301.02370398920795	5345901	0.5	5189	204	353569	None
SAMN02442772	100.0	0.25	Neural Network (Specific Model)	11	0.875	166321	301.3882239382239	5342130	0.5	5180	197	353569	None
SAMN02442773	100.0	0.11	Neural Network (Specific Model)	11	0.876	91459	300.4998985183682	5062726	0.51	4927	219	291602	None
SAMN02442775	100.0	0.12	Neural Network (Specific Model)	11	0.876	95608	299.8795864585445	5059546	0.51	4933	224	291602	None
SAMN02442780	100.0	0.18	Neural Network (Specific Model)	11	0.876	143177	308.18894938495663	5225056	0.51	4959	128	330683	None
SAMN02442781	100.0	0.18	Neural Network (Specific Model)	11	0.875	143177	307.7586623690572	5229556	0.51	4964	135	330683	None
SAMN02442783	100.0	0.18	Neural Network (Specific Model)	11	0.875	143177	308.57396569122096	5230389	0.51	4955	126	330683	None
SAMN02442784	100.0	0.18	Neural Network (Specific Model)	11	0.875	137443	307.7002214616469	5228610	0.51	4967	150	324693	None
SAMN02442786	100.0	0.18	Neural Network (Specific Model)	11	0.876	134788	308.36695582005245	5227189	0.51	4957	125	324693	None
SAMN02442788	100.0	0.25	Neural Network (Specific Model)	11	0.878	137807	302.2058312415524	5340879	0.5	5179	144	377052	None
SAMN02442789	100.0	0.12	Neural Network (Specific Model)	11	0.875	215088	304.22160264353573	5040156	0.51	4842	178	561343	None
SAMN02442791	100.0	1.08	Neural Network (Specific Model)	11	0.883	195198	310.74118573961	5353027	0.5	5077	136	457657	None
SAMN02442792	100.0	0.57	Neural Network (Specific Model)	11	0.877	189469	308.89611154752555	5368223	0.5	5092	142	682068	None
SAMN02442795	100.0	0.27	Neural Network (Specific Model)	11	0.88	135567	303.26631289308176	5252554	0.51	5088	139	455979	None
SAMN02442796	100.0	0.25	Neural Network (Specific Model)	11	0.877	137807	302.3480108149865	5343440	0.5	5178	143	383736	None
SAMN02442797	100.0	0.0	Neural Network (Specific Model)	11	0.875	73523	302.3259634888438	5103469	0.51	4930	282	206192	None
SAMN02442800	100.0	0.13	Neural Network (Specific Model)	11	0.876	76814	308.59200702678964	4802657	0.51	4554	144	242854	None
SAMN02442806	100.0	0.11	Neural Network (Specific Model)	11	0.876	85616	309.16596962359677	4802312	0.51	4543	145	181883	None
SAMN02442807	100.0	0.97	Neural Network (Specific Model)	11	0.876	177516	302.5979459870673	5441191	0.5	5258	191	422895	None
SAMN02442808	100.0	0.34	Neural Network (Specific Model)	11	0.875	66375	297.2236925015753	4840763	0.51	4761	215	203130	None
SAMN02442809	100.0	1.02	Neural Network (Specific Model)	11	0.876	185876	302.90807004187286	5443079	0.5	5254	186	477672	None
SAMN02442810	100.0	0.31	Neural Network (Specific Model)	11	0.874	104033	291.5870307167236	5265590	0.51	5274	205	348854	None
SAMN02442811	100.0	1.14	Neural Network (Specific Model)	11	0.881	405041	304.5162037037037	5364340	0.51	5184	135	806917	None
SAMN02442812	100.0	0.15	Neural Network (Specific Model)	11	0.876	116077	305.45040790038644	4862181	0.51	4658	180	308854	None
SAMN02442813	100.0	0.43	Neural Network (Specific Model)	11	0.874	188843	304.2020610224288	5156568	0.5	4949	150	359704	None
SAMN02442816	100.0	0.34	Neural Network (Specific Model)	11	0.874	69681	296.94649601342843	4846344	0.51	4766	267	203130	None
SAMN02442824	100.0	0.2	Neural Network (Specific Model)	11	0.881	195211	312.3501289426701	5350545	0.5	5041	127	731738	None
SAMN02442826	100.0	0.19	Neural Network (Specific Model)	11	0.878	72570	292.2159559834938	5069541	0.51	5089	218	275342	None
SAMN02442827	100.0	0.19	Neural Network (Specific Model)	11	0.877	69205	293.6340114556587	5072984	0.51	5063	234	300550	None
SAMN02442830	100.0	0.16	Neural Network (Specific Model)	11	0.876	151602	307.20209863588667	5004187	0.51	4765	101	589202	None
SAMN02442831	100.0	0.15	Neural Network (Specific Model)	11	0.883	258505	316.42989864864865	5082034	0.51	4736	95	974658	None
SAMN02442835	100.0	0.1	Neural Network (Specific Model)	11	0.874	113560	307.28361752644076	4879964	0.51	4633	154	269377	None
SAMN02442836	100.0	0.33	Neural Network (Specific Model)	11	0.877	54631	295.23088487972507	4692433	0.51	4656	223	175238	None
SAMN02442837	100.0	0.06	Neural Network (Specific Model)	11	0.881	150364	312.8921694480103	4974314	0.51	4674	129	669378	None
SAMN02442840	100.0	0.17	Neural Network (Specific Model)	11	0.878	140221	308.9533041484261	5056469	0.51	4797	172	318939	None
SAMN02442841	100.0	0.01	Neural Network (Specific Model)	11	0.877	124947	298.7377538829152	5124655	0.51	5022	176	622706	None
SAMN02442843	100.0	0.08	Neural Network (Specific Model)	11	0.882	151736	311.3303375712407	4821252	0.51	4562	111	637526	None
SAMN02442844	100.0	0.14	Neural Network (Specific Model)	11	0.879	158804	307.1056474124973	4873732	0.51	4657	131	438870	None
SAMN02442846	100.0	0.06	Neural Network (Specific Model)	11	0.881	150093	312.51324220418627	4974830	0.51	4682	126	668113	None
SAMN02442847	100.0	0.06	Neural Network (Specific Model)	11	0.881	151836	313.2601713062098	4975743	0.51	4670	129	669615	None
SAMN02442848	100.0	0.07	Neural Network (Specific Model)	11	0.88	168660	306.86885588788954	4992909	0.51	4781	106	392910	None
SAMN02442850	100.0	0.24	Neural Network (Specific Model)	11	0.872	84288	300.1614530776993	5108031	0.51	4955	270	280802	None
SAMN02442851	100.0	0.18	Neural Network (Specific Model)	11	0.872	83798	300.76751592356686	5191855	0.51	5024	337	245127	None
SAMN02442852	100.0	1.06	Neural Network (Specific Model)	11	0.873	110172	298.25306044376435	5350247	0.51	5228	338	445970	None
SAMN02442854	100.0	1.03	Neural Network (Specific Model)	11	0.882	124382	309.54305324459233	5055943	0.51	4808	151	457263	None
SAMN02442858	100.0	0.17	Neural Network (Specific Model)	11	0.875	169754	307.1201257861635	5012160	0.51	4770	147	421880	None
SAMN02442860	100.0	0.09	Neural Network (Specific Model)	11	0.878	186185	304.7911286963765	4995176	0.51	4802	155	506260	None
SAMN02442863	100.0	0.75	Neural Network (Specific Model)	11	0.879	106861	304.5968755953515	5448627	0.5	5249	212	412016	None
SAMN02442865	100.0	0.1	Neural Network (Specific Model)	11	0.874	97404	299.84424424424424	5131005	0.51	4995	218	290402	None
SAMN02442867	100.0	0.07	Neural Network (Specific Model)	11	0.875	88280	303.2260259847391	5034888	0.51	4849	178	312495	None
SAMN02628536	100.0	0.3	Neural Network (Specific Model)	11	0.876	231565	306.01143688916613	5030324	0.5	4809	127	371903	None
SAMN02628537	100.0	0.14	Neural Network (Specific Model)	11	0.872	106663	295.1970461768555	5421388	0.5	5349	206	285853	None
SAMN02628542	100.0	0.51	Neural Network (Specific Model)	11	0.875	155108	309.63691524760225	5413558	0.51	5109	165	352254	None
SAMN02628543	100.0	0.2	Neural Network (Specific Model)	11	0.872	217259	304.66807995154454	5180145	0.51	4953	173	465453	None
SAMN02628545	100.0	0.21	Neural Network (Specific Model)	11	0.88	216243	312.76999804420103	5444252	0.51	5113	116	686533	None
SAMN02628546	100.0	0.27	Neural Network (Specific Model)	11	0.874	203374	301.0215674947044	5357185	0.51	5193	197	584008	None
SAMN02628548	100.0	0.38	Neural Network (Specific Model)	11	0.874	158464	301.88812426268186	5258389	0.51	5086	214	354438	None
SAMN02628551	100.0	0.18	Neural Network (Specific Model)	11	0.872	129260	306.9984458259325	4746792	0.51	4504	146	285707	None
SAMN02628553	100.0	0.04	Neural Network (Specific Model)	11	0.872	101341	300.6792264752791	5181293	0.5	5016	160	340082	None
SAMN02628554	100.0	0.27	Neural Network (Specific Model)	11	0.877	138025	306.24902803355843	5112637	0.51	4887	123	337990	None
SAMN02628555	100.0	1.1	Neural Network (Specific Model)	11	0.877	402306	309.1020249221184	5421499	0.5	5136	100	718800	None
SAMN02628556	100.0	0.45	Neural Network (Specific Model)	11	0.875	124128	301.7206109822119	5343748	0.5	5172	217	652316	None
SAMN02628557	100.0	0.27	Neural Network (Specific Model)	11	0.875	119174	299.0790982796124	5175928	0.51	5057	192	364754	None
SAMN02628558	100.0	0.22	Neural Network (Specific Model)	11	0.877	152177	310.2660649043628	4932118	0.51	4653	123	369042	None
SAMN02628560	100.0	0.15	Neural Network (Specific Model)	11	0.876	163391	309.9900749889722	4807418	0.5	4534	166	478714	None
SAMN02628565	100.0	0.14	Neural Network (Specific Model)	11	0.878	205172	308.1626187961985	4975426	0.51	4735	108	418227	None
SAMN02628569	100.0	0.1	Neural Network (Specific Model)	11	0.877	218609	303.36901815181517	5025179	0.51	4848	186	431345	None
SAMN02628573	100.0	0.15	Neural Network (Specific Model)	11	0.875	149214	307.0971215572582	5075016	0.51	4829	151	345713	None
SAMN02628574	100.0	0.12	Neural Network (Specific Model)	11	0.882	215904	313.5486895376092	4998996	0.51	4693	61	788813	None
SAMN02628576	100.0	0.45	Neural Network (Specific Model)	11	0.874	162176	305.8694527363184	5267904	0.51	5025	135	648079	None
SAMN02628578	100.0	0.45	Neural Network (Specific Model)	11	0.873	158555	306.05636327424816	5269379	0.51	5021	142	332982	None
SAMN02628579	100.0	0.19	Neural Network (Specific Model)	11	0.88	198704	306.00310109572047	5036078	0.51	4837	127	436818	None
SAMN02628581	100.0	0.14	Neural Network (Specific Model)	11	0.875	149214	308.9775681341719	5043672	0.51	4770	108	345713	None
SAMN02628583	100.0	1.88	Neural Network (Specific Model)	11	0.883	408765	306.55350772889415	5244694	0.51	5046	144	724874	None
SAMN02628587	100.0	0.19	Neural Network (Specific Model)	11	0.875	102407	298.5572547556882	5478803	0.51	5362	232	407032	None
SAMN02628588	100.0	0.15	Neural Network (Specific Model)	11	0.877	175590	305.1900893582453	5131222	0.51	4924	151	429513	None
SAMN02628593	100.0	0.54	Neural Network (Specific Model)	11	0.875	112240	300.02178988326847	5276590	0.5	5140	201	274922	None
SAMN02628595	100.0	0.5	Neural Network (Specific Model)	11	0.878	92933	300.2609774723177	5362554	0.5	5238	171	280693	None
SAMN02628596	100.0	0.27	Neural Network (Specific Model)	11	0.873	152855	304.0467103955476	5249737	0.51	5031	176	323490	None
SAMN02628598	100.0	0.37	Neural Network (Specific Model)	11	0.873	173374	301.07647173870527	5282660	0.51	5113	216	486797	None
SAMN02628599	100.0	0.07	Neural Network (Specific Model)	11	0.873	89222	296.2837476885145	4949007	0.5	4867	257	358351	None
SAMN02628600	100.0	0.6	Neural Network (Specific Model)	11	0.882	365024	312.8600711148295	5077123	0.51	4781	70	677736	None
SAMN02628602	100.0	1.38	Neural Network (Specific Model)	11	0.879	249123	305.404873294347	5336264	0.51	5130	146	440351	None
SAMN02628604	100.0	0.27	Neural Network (Specific Model)	11	0.881	130945	301.69557692307694	5329973	0.51	5200	125	658194	None
SAMN02628607	100.0	0.04	Neural Network (Specific Model)	11	0.874	88697	297.49124532756247	5182141	0.51	5083	232	329161	None
SAMN02628611	100.0	0.01	Neural Network (Specific Model)	11	0.878	64764	293.3700930797248	4941837	0.51	4942	249	289629	None
SAMN02628613	100.0	0.09	Neural Network (Specific Model)	11	0.877	188053	308.7149377593361	5081006	0.51	4820	144	694072	None
SAMN02628616	100.0	0.16	Neural Network (Specific Model)	11	0.872	141563	301.47404912836765	5224694	0.51	5048	172	378837	None
SAMN02628618	100.0	0.17	Neural Network (Specific Model)	11	0.871	86759	297.65492148602067	5342532	0.5	5222	201	260803	None
SAMN02628619	100.0	1.28	Neural Network (Specific Model)	11	0.877	157131	302.65571174024944	5219200	0.51	5051	181	578236	None
SAMN02628627	100.0	0.13	Neural Network (Specific Model)	11	0.877	138673	306.9490196078431	5079484	0.51	4845	161	546489	None
SAMN02628629	100.0	0.21	Neural Network (Specific Model)	11	0.876	242712	308.1209627648632	5118049	0.51	4861	112	610706	None
SAMN02628630	100.0	0.26	Neural Network (Specific Model)	11	0.879	100855	301.1696809591546	5049861	0.51	4921	195	453615	None
SAMN02628631	100.0	0.19	Neural Network (Specific Model)	11	0.879	214358	308.5877174596521	5017177	0.51	4771	174	435096	None
SAMN02628635	100.0	0.22	Neural Network (Specific Model)	11	0.873	153928	306.06301260252053	5248338	0.51	4999	164	331546	None
SAMN02628640	100.0	0.22	Neural Network (Specific Model)	11	0.88	159411	316.0169675875571	4945106	0.51	4597	92	370539	None
SAMN02628645	100.0	0.09	Neural Network (Specific Model)	11	0.878	122192	309.0905628438426	4980614	0.51	4726	152	421744	None
SAMN02628647	100.0	0.54	Neural Network (Specific Model)	11	0.877	92774	303.5757637892147	5056250	0.51	4877	250	259540	None
SAMN02628650	100.0	0.41	Neural Network (Specific Model)	11	0.877	135919	306.7507110930516	5158114	0.51	4922	163	629574	None
SAMN02628651	100.0	0.12	Neural Network (Specific Model)	11	0.88	346203	311.6022892819979	5097786	0.51	4805	95	630145	None
SAMN02628657	100.0	0.25	Neural Network (Specific Model)	11	0.88	199516	314.3264717990943	5193702	0.51	4858	82	532165	None
SAMN02628660	100.0	0.78	Neural Network (Specific Model)	11	0.88	352506	306.34902597402595	5139043	0.51	4928	97	625677	None
SAMN02628664	100.0	0.83	Neural Network (Specific Model)	11	0.882	268023	306.1274409044193	5055707	0.5	4865	99	685286	None
SAMN02628665	100.0	0.41	Neural Network (Specific Model)	11	0.877	84255	297.09248090068354	5044417	0.51	4974	309	227937	None
SAMN02628666	100.0	0.14	Neural Network (Specific Model)	11	0.868	96915	299.324150412226	5135957	0.51	4973	216	367155	None
SAMN02628667	100.0	0.16	Neural Network (Specific Model)	11	0.878	185357	310.01075268817203	4916535	0.51	4650	146	342987	None
SAMN02628669	100.0	1.17	Neural Network (Specific Model)	11	0.885	383157	317.3670613562971	4990128	0.51	4645	52	789941	None
SAMN02628672	100.0	0.1	Neural Network (Specific Model)	11	0.879	56174	292.9388767612622	5031025	0.51	5039	262	224719	None
SAMN02628676	100.0	0.25	Neural Network (Specific Model)	11	0.879	80379	301.74340770791076	5066094	0.51	4930	156	264810	None
SAMN02628680	100.0	0.37	Neural Network (Specific Model)	11	0.871	82916	290.5524109014675	5716675	0.51	5724	411	593120	None
SAMN02628683	100.0	0.0	Neural Network (Specific Model)	11	0.882	172661	306.3119464672309	5286442	0.51	5081	194	605177	None
SAMN02628686	100.0	0.09	Neural Network (Specific Model)	11	0.88	116460	300.6134304844427	5193795	0.51	5078	186	348732	None
SAMN02628688	100.0	0.08	Neural Network (Specific Model)	11	0.875	217325	303.09403254972875	5163253	0.51	4977	158	400562	None
SAMN02628691	100.0	0.12	Neural Network (Specific Model)	11	0.878	181233	310.39662359316384	5081683	0.51	4798	138	323969	None
SAMN02628696	100.0	0.15	Neural Network (Specific Model)	11	0.877	82715	304.1589958158996	4961797	0.51	4780	213	280287	None
SAMN02628700	100.0	0.11	Neural Network (Specific Model)	11	0.876	80516	299.23073844306583	5112747	0.51	4997	294	279931	None
SAMN02628701	100.0	0.18	Neural Network (Specific Model)	11	0.879	88272	298.4779005524862	5151038	0.51	5068	228	210237	None
SAMN02628702	100.0	0.1	Neural Network (Specific Model)	11	0.88	156000	314.2695806523186	4818812	0.51	4507	129	440409	None
SAMN03295421	100.0	0.14	Neural Network (Specific Model)	11	0.88	192669	310.42303575251555	4934471	0.51	4671	97	388049	None
SAMN03295423	100.0	0.15	Neural Network (Specific Model)	11	0.876	123018	304.2911237785016	5110050	0.51	4912	185	316312	None
SAMN03295424	100.0	0.66	Neural Network (Specific Model)	11	0.879	294436	312.9638214904679	4921531	0.51	4616	80	589454	None
SAMN03295426	100.0	0.49	Neural Network (Specific Model)	11	0.875	121733	297.24795918367346	4987472	0.51	4900	184	313577	None
SAMN03295428	100.0	0.15	Neural Network (Specific Model)	11	0.878	175761	306.9682870853328	5015981	0.51	4793	136	695298	None
SAMN03295429	100.0	0.19	Neural Network (Specific Model)	11	0.877	201511	311.5319193616128	5064821	0.51	4762	95	653404	None
SAMN03295432	100.0	0.48	Neural Network (Specific Model)	11	0.883	349325	314.4627126035761	4892962	0.51	4586	58	970412	None
SAMN03295433	100.0	0.64	Neural Network (Specific Model)	11	0.869	173976	299.5510522213562	5295073	0.51	5132	238	524135	None
SAMN03295437	100.0	0.27	Neural Network (Specific Model)	11	0.872	99700	303.6363636363636	5000164	0.51	4796	173	241178	None
SAMN03295442	100.0	0.97	Neural Network (Specific Model)	11	0.878	109227	303.4446055083868	4999950	0.5	4829	141	343431	None
SAMN03295444	100.0	0.82	Neural Network (Specific Model)	11	0.882	401578	312.7892795138889	4894444	0.51	4608	64	958367	None
SAMN03295445	100.0	0.09	Neural Network (Specific Model)	11	0.876	98965	302.703489572579	5010892	0.51	4843	153	254377	None
SAMN03455846	100.0	0.06	Neural Network (Specific Model)	11	0.883	97285	302.9009921036647	5074738	0.51	4939	185	325272	None
SAMN03455849	100.0	0.14	Neural Network (Specific Model)	11	0.886	192404	316.8824719101124	4769312	0.51	4450	57	702021	None
SAMN03702810	100.0	0.11	Neural Network (Specific Model)	11	0.876	41529	293.25279642058166	5375800	0.51	5364	441	136494	None
SAMN04160753	100.0	0.08	Neural Network (Specific Model)	11	0.869	55310	291.2382505275273	5231283	0.51	5213	418	264252	None
SAMN04191537	100.0	0.26	Neural Network (Specific Model)	11	0.88	92750	314.52987454816076	5036398	0.51	4703	177	318244	None
SAMN04191546	100.0	0.06	Neural Network (Specific Model)	11	0.875	5478683	302.994324631101	5478683	0.5	5286	1	5478683	None
SAMN04191549	100.0	0.08	Neural Network (Specific Model)	11	0.873	65112	288.7745675049046	5551005	0.5	5607	392	205846	None
SAMN04191550	100.0	0.07	Neural Network (Specific Model)	11	0.874	105355	289.1224888888889	5572902	0.5	5625	327	460725	None
SAMN04191555	100.0	0.08	Neural Network (Specific Model)	11	0.875	42303	291.9704285981658	5335671	0.51	5343	456	138186	None
SAMN04191556	100.0	0.09	Neural Network (Specific Model)	11	0.874	87660	292.7813486903214	5396287	0.5	5383	373	241347	None
SAMN04191561	100.0	0.11	Neural Network (Specific Model)	11	0.876	44732	291.93865030674846	5369527	0.51	5379	457	146934	None
SAMN04293279	100.0	0.2	Neural Network (Specific Model)	11	0.877	117827	309.1340947546531	4991844	0.51	4728	159	325958	None
SAMN04293311	100.0	0.06	Neural Network (Specific Model)	11	0.881	118897	309.51880977683317	4952645	0.51	4705	174	490202	None
SAMN04293313	100.0	0.08	Neural Network (Specific Model)	11	0.877	151305	307.83622722400855	4905475	0.51	4665	147	453795	None
SAMN04293317	100.0	0.08	Neural Network (Specific Model)	11	0.882	119228	312.9940906106369	4853889	0.51	4569	123	460213	None
SAMN04293336	100.0	0.01	Neural Network (Specific Model)	11	0.884	129094	304.481608040201	5131014	0.51	4975	256	333368	None
SAMN04293337	100.0	0.15	Neural Network (Specific Model)	11	0.879	108692	309.5706626635213	4919795	0.51	4663	137	288815	None
SAMN04293343	100.0	0.15	Neural Network (Specific Model)	11	0.877	133530	303.06343737332793	5104726	0.51	4934	254	257418	None
SAMN04293348	100.0	0.79	Neural Network (Specific Model)	11	0.881	176036	308.2838357272911	5179884	0.5	4943	139	430311	None
SAMN04293350	100.0	0.13	Neural Network (Specific Model)	11	0.88	125585	310.47083956419567	4947821	0.5	4681	121	462140	None
SAMN04293376	100.0	0.06	Neural Network (Specific Model)	11	0.882	142400	312.61794242356615	4755099	0.51	4481	124	388600	None
SAMN04293378	100.0	0.49	Neural Network (Specific Model)	11	0.863	71191	290.1276901004304	5613156	0.5	5576	321	209461	None
SAMN04293415	100.0	0.11	Neural Network (Specific Model)	11	0.887	222112	314.69494544644846	4773068	0.51	4491	76	801446	None
SAMN04293421	100.0	0.12	Neural Network (Specific Model)	11	0.879	130012	308.8530211164541	5030830	0.51	4783	139	326277	None
SAMN04293429	100.0	0.17	Neural Network (Specific Model)	11	0.879	119061	296.79808978032474	5293908	0.51	5235	253	354044	None
SAMN04293434	100.0	0.12	Neural Network (Specific Model)	11	0.877	192630	309.9757837837838	4898876	0.51	4625	99	430527	None
SAMN04335042	100.0	0.08	Neural Network (Specific Model)	11	0.875	87647	292.757722366952	5385964	0.5	5374	352	202329	None
SAMN04338474	100.0	0.29	Neural Network (Specific Model)	11	0.875	74855	289.9779147406266	5793888	0.51	5841	286	233663	None
SAMN04338475	100.0	0.28	Neural Network (Specific Model)	11	0.874	102555	288.68355721816016	5813900	0.51	5881	305	250540	None
SAMN04338476	100.0	0.34	Neural Network (Specific Model)	11	0.875	80141	290.5034507166873	5618771	0.51	5651	307	176829	None
SAMN04338495	100.0	0.26	Neural Network (Specific Model)	11	0.875	88656	289.51089211618256	5728126	0.5	5784	336	251145	None
SAMN04396077	100.0	0.03	Neural Network (Specific Model)	11	0.883	221703	308.4165257819104	4951251	0.51	4732	118	430701	None
SAMN04422322	100.0	0.08	Neural Network (Specific Model)	11	0.874	126658	294.44678103670907	5466258	0.5	5421	238	614775	None
SAMN04422352	100.0	0.29	Neural Network (Specific Model)	11	0.876	117991	282.2757835755559	5510911	0.51	5711	397	255074	None
SAMN04422378	100.0	0.05	Neural Network (Specific Model)	11	0.876	111208	295.1585976627713	5440506	0.5	5391	270	330496	None
SAMN04422382	100.0	0.06	Neural Network (Specific Model)	11	0.874	117225	288.84753363228697	5516465	0.5	5575	396	299640	None
SAMN04422386	100.0	0.06	Neural Network (Specific Model)	11	0.875	147588	292.30654000730726	5474291	0.5	5474	301	409077	None
SAMN04422389	100.0	0.06	Neural Network (Specific Model)	11	0.875	136147	291.5939603420047	5485838	0.5	5497	320	611702	None
SAMN04422390	100.0	0.06	Neural Network (Specific Model)	11	0.875	147715	292.52828467153284	5487995	0.5	5480	300	355351	None
SAMN04422406	100.0	0.05	Neural Network (Specific Model)	11	0.876	149715	295.19169447534296	5443704	0.5	5394	264	392368	None
SAMN04422423	100.0	0.05	Neural Network (Specific Model)	11	0.876	150227	295.7383872166481	5441387	0.5	5382	242	614214	None
SAMN04510378	100.0	0.05	Neural Network (Specific Model)	11	0.876	107224	293.7408091631258	5437697	0.5	5413	309	288792	None
SAMN04510388	100.0	0.08	Neural Network (Specific Model)	11	0.876	135837	294.68947564150244	5417801	0.5	5378	282	409856	None
SAMN04510394	100.0	0.06	Neural Network (Specific Model)	11	0.876	100825	293.84255319148934	5430660	0.5	5405	315	355194	None
SAMN04510412	100.0	0.11	Neural Network (Specific Model)	11	0.876	106936	289.56938483547924	5536352	0.5	5592	333	244560	None
SAMN04510419	100.0	0.06	Neural Network (Specific Model)	11	0.876	146929	294.08707709373266	5437769	0.5	5409	281	409856	None
SAMN04510561	100.0	0.1	Neural Network (Specific Model)	11	0.883	289209	310.71130887779464	4854445	0.51	4607	106	633473	None
SAMN04902866	100.0	0.06	Neural Network (Specific Model)	11	0.881	74255	311.4612377850163	4878053	0.51	4605	178	254062	None
SAMN05163867	100.0	0.52	Neural Network (Specific Model)	11	0.887	664475	321.7095426561126	4942558	0.51	4548	45	914647	None
SAMN05232928	100.0	0.07	Neural Network (Specific Model)	11	0.873	91435	302.9920201595968	4949542	0.51	4762	256	269341	None
SAMN05326678	100.0	0.01	Neural Network (Specific Model)	11	0.878	28822	288.9673300788584	5245639	0.51	5326	594	109455	None
SAMN05326696	100.0	0.17	Neural Network (Specific Model)	11	0.88	66749	308.41638655462185	4995086	0.51	4760	213	174201	None
SAMN05326699	100.0	0.15	Neural Network (Specific Model)	11	0.871	43161	289.4937343358396	5160568	0.51	5187	421	174493	None
SAMN05439482	99.99	0.15	Neural Network (Specific Model)	11	0.882	44918	303.65983012222915	4978765	0.51	4827	229	201373	None
SAMN05439496	100.0	0.23	Neural Network (Specific Model)	11	0.88	70348	300.8261547456636	5253631	0.51	5131	209	202080	None
SAMN05439504	100.0	0.12	Neural Network (Specific Model)	11	0.883	41693	304.8247854301863	4939636	0.51	4777	245	151827	None
SAMN05439505	100.0	0.05	Neural Network (Specific Model)	11	0.885	63479	313.42860345214075	4733273	0.51	4461	157	179519	None
SAMN05439510	100.0	0.09	Neural Network (Specific Model)	11	0.883	56754	308.6575230296827	5114362	0.51	4885	273	155214	None
SAMN05439515	100.0	0.41	Neural Network (Specific Model)	11	0.878	97889	310.5549828178694	4929552	0.51	4656	163	244450	None
SAMN05439517	100.0	0.08	Neural Network (Specific Model)	11	0.879	62942	310.46434426229507	5159733	0.51	4880	233	210800	None
SAMN05440249	100.0	0.29	Neural Network (Specific Model)	11	0.878	130728	308.56042991884186	4799247	0.51	4559	93	267800	None
SAMN05595979	100.0	0.18	Neural Network (Specific Model)	11	0.885	222890	315.76508081038014	4692048	0.51	4393	79	618027	None
SAMN05596176	100.0	0.14	Neural Network (Specific Model)	11	0.878	210439	299.58662790697673	5270521	0.51	5160	187	384821	None
SAMN05596210	100.0	0.14	Neural Network (Specific Model)	11	0.883	113524	307.1071279699875	4998529	0.5	4798	152	270288	None
SAMN05596392	100.0	0.07	Neural Network (Specific Model)	11	0.883	168782	309.67688378033205	4935655	0.51	4698	118	384723	None
SAMN05596471	100.0	0.17	Neural Network (Specific Model)	11	0.877	112592	304.41251203079884	5400777	0.51	5195	211	389835	None
SAMN05596564	100.0	0.14	Neural Network (Specific Model)	11	0.886	141605	316.64857990674017	5053101	0.51	4718	138	403538	None
SAMN05597016	100.0	0.08	Neural Network (Specific Model)	11	0.878	133544	310.65645607317595	4980776	0.51	4701	191	370456	None
SAMN05605371	100.0	0.09	Neural Network (Specific Model)	11	0.879	146977	305.271283095723	5107989	0.51	4910	207	558360	None
SAMN05605376	100.0	0.09	Neural Network (Specific Model)	11	0.873	52592	297.2684714024018	5007641	0.51	4913	336	159412	None
SAMN05605381	100.0	0.21	Neural Network (Specific Model)	11	0.874	56274	288.2297322598764	5273329	0.5	5341	351	165009	None
SAMN05605393	100.0	0.09	Neural Network (Specific Model)	11	0.879	146781	305.60481239804244	5105326	0.51	4904	180	558480	None
SAMN05655883	100.0	0.11	Neural Network (Specific Model)	11	0.883	151818	311.63435722411833	4647173	0.51	4395	91	374664	None
SAMN05757745	100.0	0.08	Neural Network (Specific Model)	11	0.882	231317	309.2280041797283	5026915	0.51	4785	109	738877	None
SAMN05789719	100.0	0.1	Neural Network (Specific Model)	11	0.873	101376	303.0516894609815	5165514	0.51	4972	236	319571	None
SAMN05859962	100.0	0.39	Neural Network (Specific Model)	11	0.873	112035	288.88310722913957	5329679	0.5	5381	334	271403	None
SAMN06005817	100.0	0.07	Neural Network (Specific Model)	11	0.874	106683	290.59819952232226	5418688	0.5	5443	386	281291	None
SAMN06005834	100.0	0.07	Neural Network (Specific Model)	11	0.875	148786	288.7243543758967	5510099	0.5	5576	380	613910	None
SAMN06005841	100.0	0.08	Neural Network (Specific Model)	11	0.875	142537	292.9206231454006	5406452	0.5	5392	365	460502	None
SAMN06005854	100.0	0.04	Neural Network (Specific Model)	11	0.876	77602	292.23884514435696	5329610	0.5	5334	418	256936	None
SAMN06005855	100.0	0.03	Neural Network (Specific Model)	11	0.874	135812	289.5190222385591	5393698	0.5	5441	368	433895	None
SAMN06005869	100.0	0.02	Neural Network (Specific Model)	11	0.875	95538	289.1975858867224	5331256	0.5	5385	408	355315	None
SAMN06005871	100.0	0.05	Neural Network (Specific Model)	11	0.874	121295	285.53480841878036	5438855	0.5	5559	472	362108	None
SAMN06005883	100.0	0.05	Neural Network (Specific Model)	11	0.875	148372	287.48762286130324	5406678	0.5	5494	442	441406	None
SAMN06126430	100.0	0.11	Neural Network (Specific Model)	11	0.876	147694	308.16085732842606	4865854	0.51	4619	119	364362	None
SAMN06126433	100.0	0.48	Neural Network (Specific Model)	11	0.875	73194	301.28629976580794	5283459	0.51	5124	226	261875	None
SAMN06159503	100.0	0.32	Neural Network (Specific Model)	11	0.877	135487	289.822493978136	5337741	0.51	5397	342	327603	None
SAMN06220084	100.0	0.19	Neural Network (Specific Model)	11	0.878	198322	307.0686116700201	5206491	0.5	4970	115	319848	None
SAMN06220085	100.0	0.33	Neural Network (Specific Model)	11	0.874	101927	286.1274349171673	5381454	0.51	5493	406	250628	None
SAMN06689623	100.0	0.14	Neural Network (Specific Model)	11	0.883	78952	314.1587402240541	5043508	0.51	4731	171	205232	None
SAMN06712425	100.0	0.48	Neural Network (Specific Model)	11	0.877	138295	310.1254244482173	4987946	0.51	4712	145	358981	None
SAMN07197387	100.0	0.24	Neural Network (Specific Model)	11	0.873	198160	307.3074058750517	5098248	0.51	4834	138	441415	None
SAMN07291231	100.0	0.3	Neural Network (Specific Model)	11	0.884	567164	318.60610621371745	5020961	0.51	4651	52	795393	None
SAMN07371045	100.0	0.21	Neural Network (Specific Model)	11	0.877	145022	304.29895641497853	5078404	0.51	4887	191	537429	None
SAMN07371046	100.0	0.07	Neural Network (Specific Model)	11	0.878	194141	306.70069605568443	4958871	0.5	4741	95	654659	None
SAMN07371048	100.0	0.27	Neural Network (Specific Model)	11	0.877	118545	315.3230343555453	4670166	0.51	4337	124	382730	None
SAMN07371049	100.0	0.15	Neural Network (Specific Model)	11	0.879	114291	306.5651986183074	4835914	0.51	4632	142	305959	None
SAMN07371050	100.0	0.15	Neural Network (Specific Model)	11	0.875	100127	299.5593762495002	5129748	0.5	5002	176	243677	None
SAMN07374667	100.0	0.2	Neural Network (Specific Model)	11	0.876	135794	310.37466025507	5078502	0.51	4783	110	350099	None
SAMN07410344	100.0	0.09	Neural Network (Specific Model)	11	0.88	130003	308.5795045045045	4664926	0.51	4440	96	387763	None
SAMN07645984	100.0	0.04	Neural Network (Specific Model)	11	0.878	102962	310.2833973538199	4961137	0.51	4686	171	308120	None
SAMN07722646	100.0	0.06	Neural Network (Specific Model)	11	0.878	91345	304.9781931464174	5010123	0.51	4815	165	261035	None
SAMN07722650	100.0	0.21	Neural Network (Specific Model)	11	0.877	101082	309.0667911221738	5086205	0.51	4821	156	253696	None
SAMN07747760	100.0	0.2	Neural Network (Specific Model)	11	0.876	141736	304.92223597359737	5051674	0.51	4848	114	505229	None
SAMN08146312	100.0	0.12	Neural Network (Specific Model)	11	0.878	116304	307.1074483621949	5019788	0.51	4793	191	403942	None
SAMN08167634	100.0	0.14	Neural Network (Specific Model)	11	0.881	170495	311.72970693653804	5027113	0.51	4743	102	441476	None
SAMN08355151	100.0	0.03	Neural Network (Specific Model)	11	0.874	142773	289.9186260102866	5403715	0.5	5444	385	444453	None
SAMN08714138	100.0	0.09	Neural Network (Specific Model)	11	0.874	86615	295.51542269611576	5319520	0.5	5252	264	433729	None
SAMN08719213	100.0	0.21	Neural Network (Specific Model)	11	0.875	128958	301.89528283421413	5280506	0.51	5109	206	313088	None
SAMN08767333	100.0	0.13	Neural Network (Specific Model)	11	0.879	101059	311.75495262704567	4934352	0.51	4644	158	255883	None
SAMN08930681	100.0	0.11	Neural Network (Specific Model)	11	0.876	124802	305.39390292819894	5206744	0.51	4986	149	488310	None
SAMN09444061	100.0	0.09	Neural Network (Specific Model)	11	0.881	167939	309.8305337018924	4951904	0.51	4703	120	505331	None
SAMN09444068	100.0	0.06	Neural Network (Specific Model)	11	0.877	104639	302.20418641390205	5223028	0.51	5064	231	353709	None
SAMN09828459	100.0	0.19	Neural Network (Specific Model)	11	0.88	103692	303.4550063371356	4889598	0.51	4734	167	344174	None
SAMN09849968	100.0	0.7	Neural Network (Specific Model)	11	0.877	73621	290.3080028080028	5647447	0.5	5698	299	203170	None
SAMN10220974	100.0	0.14	Neural Network (Specific Model)	11	0.88	164698	308.0495989869143	4969365	0.51	4738	113	346166	None
SAMN10221097	100.0	0.7	Neural Network (Specific Model)	11	0.882	166146	315.23091562698244	5064456	0.5	4729	75	356344	None
SAMN10221191	100.0	0.09	Neural Network (Specific Model)	11	0.875	116322	300.88394504818535	5021697	0.51	4877	200	294958	None
SAMN02442801	100.0	0.11	Neural Network (Specific Model)	11	0.877	95865	308.14435925520263	4805838	0.51	4565	136	242961	None
SAMN02442866	100.0	0.46	Neural Network (Specific Model)	11	0.876	185461	306.59009104382807	4948091	0.51	4723	109	411250	None
SAMN02628559	100.0	0.1	Neural Network (Specific Model)	11	0.874	112160	302.9365238285943	5183449	0.51	4994	267	288521	None
SAMN02628562	100.0	0.46	Neural Network (Specific Model)	11	0.879	160186	305.01683436532505	5371393	0.51	5168	133	481930	None
SAMN02628582	100.0	0.2	Neural Network (Specific Model)	11	0.875	125050	299.57016509433964	5215799	0.5	5088	192	401405	None
SAMN02628612	100.0	1.28	Neural Network (Specific Model)	11	0.879	183219	309.61954137587236	5291166	0.5	5015	145	401937	None
SAMN02628628	100.0	0.22	Neural Network (Specific Model)	11	0.878	157068	309.53038788633063	5091388	0.51	4821	137	605502	None
SAMN02628636	100.0	0.25	Neural Network (Specific Model)	11	0.871	105398	296.7768496420048	5131411	0.51	5028	254	442330	None
SAMN02628659	100.0	0.66	Neural Network (Specific Model)	11	0.876	162870	304.8465557275542	5388043	0.51	5168	157	465453	None
SAMN02628661	100.0	0.19	Neural Network (Specific Model)	11	0.873	88672	303.1018478727976	4838645	0.51	4654	182	191229	None
SAMN02628662	100.0	0.27	Neural Network (Specific Model)	11	0.875	217566	309.0424331103679	5062357	0.51	4784	125	391962	None
SAMN02628671	100.0	0.21	Neural Network (Specific Model)	11	0.875	143824	299.0674881516588	5400457	0.5	5275	178	523620	None
SAMN02628684	100.0	0.41	Neural Network (Specific Model)	11	0.876	68397	285.69344448654795	5151229	0.51	5278	363	206801	None
SAMN02628685	100.0	0.2	Neural Network (Specific Model)	11	0.878	86802	300.5517032856279	5085655	0.51	4961	176	284589	None
SAMN02628687	100.0	0.11	Neural Network (Specific Model)	11	0.878	113483	302.0936028257457	5250843	0.51	5096	159	329872	None
SAMN02628690	100.0	0.08	Neural Network (Specific Model)	11	0.874	139339	300.2378095975232	5313658	0.51	5168	164	327864	None
SAMN02628695	100.0	0.34	Neural Network (Specific Model)	11	0.878	79951	296.0781424841477	5414766	0.51	5362	220	357002	None
SAMN03295431	100.0	0.19	Neural Network (Specific Model)	11	0.878	93380	303.7890286657043	5026105	0.51	4849	164	352690	None
SAMN03295439	100.0	0.16	Neural Network (Specific Model)	11	0.876	144141	304.47340959261487	5187194	0.51	4983	227	569026	None
SAMN03295450	100.0	0.25	Neural Network (Specific Model)	11	0.876	129445	307.86485381312616	5150041	0.51	4891	117	442381	None
SAMN03295461	100.0	0.37	Neural Network (Specific Model)	11	0.874	87013	301.93728847302407	5195385	0.51	5023	241	307821	None
SAMN03295463	100.0	0.15	Neural Network (Specific Model)	11	0.878	175761	308.51635220125786	5017446	0.51	4770	119	695298	None
SAMN03462119	100.0	0.06	Neural Network (Specific Model)	11	0.873	142785	294.0282548476454	5459955	0.5	5415	305	663632	None
SAMN03462125	100.0	0.04	Neural Network (Specific Model)	11	0.875	145661	293.91220798794274	5338767	0.5	5308	324	663626	None
SAMN03462126	100.0	0.06	Neural Network (Specific Model)	11	0.873	135781	288.3419216317767	5525587	0.5	5589	462	361890	None
SAMN04158432	100.0	0.14	Neural Network (Specific Model)	11	0.873	24586	291.801602814699	5119940	0.51	5116	591	87110	None
SAMN04160747	100.0	0.01	Neural Network (Specific Model)	11	0.879	80570	306.6774049217002	4670885	0.51	4470	217	228231	None
SAMN04160754	100.0	0.06	Neural Network (Specific Model)	11	0.87	42281	292.4540341349884	5189762	0.51	5156	458	265145	None
SAMN04160758	100.0	0.08	Neural Network (Specific Model)	11	0.87	48231	292.2152448657188	5091017	0.51	5064	442	173809	None
SAMN04160770	100.0	0.33	Neural Network (Specific Model)	11	0.884	95088	315.41419981498615	4620855	0.51	4324	112	304792	None
SAMN04160772	100.0	0.33	Neural Network (Specific Model)	11	0.884	220192	316.5791183294664	4623930	0.51	4310	63	460424	None
SAMN04160773	100.0	0.52	Neural Network (Specific Model)	11	0.887	79501	319.3227362420522	4919708	0.51	4561	137	286375	None
SAMN04191534	100.0	0.01	Neural Network (Specific Model)	11	0.879	87030	310.4108843537415	4665932	0.51	4410	184	228113	None
SAMN04191535	100.0	0.01	Neural Network (Specific Model)	11	0.879	111502	308.9900677200903	4665790	0.51	4430	187	228231	None
SAMN04191548	100.0	0.07	Neural Network (Specific Model)	11	0.874	105869	289.4538626609442	5542017	0.5	5592	325	314154	None
SAMN04191551	100.0	0.11	Neural Network (Specific Model)	11	0.874	5645226	299.969208736126	5740824	0.51	5586	2	5645226	None
SAMN04293301	100.0	0.13	Neural Network (Specific Model)	11	0.88	131328	308.9868560525758	4961936	0.51	4717	183	282684	None
SAMN04293322	100.0	0.14	Neural Network (Specific Model)	11	0.879	123974	304.01803691275165	4939445	0.51	4768	213	259384	None
SAMN04293364	100.0	0.49	Neural Network (Specific Model)	11	0.883	245135	314.1426275612696	5302479	0.51	4978	90	469021	None
SAMN04293368	100.0	0.06	Neural Network (Specific Model)	11	0.878	82293	293.57030790351047	5108145	0.51	5099	334	321484	None
SAMN04293370	100.0	0.17	Neural Network (Specific Model)	11	0.883	186449	314.2187432050446	4903428	0.51	4599	73	449362	None
SAMN04293387	100.0	0.21	Neural Network (Specific Model)	11	0.867	104390	295.1832521908471	5238224	0.5	5135	478	443651	None
SAMN04293391	100.0	0.08	Neural Network (Specific Model)	11	0.882	131543	305.66798009124847	5007109	0.51	4822	161	307439	None
SAMN04293399	100.0	0.19	Neural Network (Specific Model)	11	0.876	140873	308.77519051651143	4986862	0.51	4724	143	320499	None
SAMN04293406	100.0	0.34	Neural Network (Specific Model)	11	0.878	191525	312.5031717263253	4705099	0.51	4414	87	679817	None
SAMN04293420	100.0	0.29	Neural Network (Specific Model)	11	0.874	72833	302.57832552454676	5089936	0.51	4909	253	218905	None
SAMN04293426	100.0	0.24	Neural Network (Specific Model)	11	0.863	69103	290.0545160129543	5591352	0.5	5558	342	209416	None
SAMN04293430	100.0	0.13	Neural Network (Specific Model)	11	0.884	154843	315.0442498271491	4631417	0.51	4339	86	697070	None
SAMN04293431	100.0	0.32	Neural Network (Specific Model)	11	0.885	232369	322.3756930583278	4919881	0.51	4509	90	513557	None
SAMN04335033	100.0	0.06	Neural Network (Specific Model)	11	0.874	57963	292.05594534711963	5421026	0.5	5416	467	167261	None
SAMN04338478	100.0	0.19	Neural Network (Specific Model)	11	0.878	62678	290.09871864284423	5483891	0.51	5541	384	284147	None
SAMN04338506	100.0	0.38	Neural Network (Specific Model)	11	0.872	83258	285.57936796222305	5396985	0.51	5506	477	226396	None
SAMN04396076	99.99	0.0	Neural Network (Specific Model)	11	0.886	15048	294.21305143321814	4891193	0.51	4919	587	62976	None
SAMN04396078	99.99	1.05	Neural Network (Specific Model)	11	0.884	12056	280.8136054421769	4893066	0.51	5145	703	52091	None
SAMN04396080	100.0	0.43	Neural Network (Specific Model)	11	0.888	53356	313.0854503464203	5031418	0.51	4763	217	162738	None
SAMN04396085	100.0	0.01	Neural Network (Specific Model)	11	0.885	20633	301.5394456289979	4784823	0.51	4690	462	91694	None
SAMN04396086	100.0	0.47	Neural Network (Specific Model)	11	0.884	40648	308.06202886065046	4843830	0.51	4643	288	168901	None
SAMN04422324	100.0	0.2	Neural Network (Specific Model)	11	0.882	120338	306.4324607329843	4965762	0.51	4775	126	355457	None
SAMN04422366	100.0	0.04	Neural Network (Specific Model)	11	0.874	115901	297.2326507394767	5372712	0.5	5274	243	314111	None
SAMN04422393	100.0	0.06	Neural Network (Specific Model)	11	0.875	184501	293.2195166605639	5480422	0.5	5462	275	674183	None
SAMN04422400	100.0	0.66	Neural Network (Specific Model)	11	0.875	184501	293.06507037104734	5486510	0.5	5471	293	614862	None
SAMN04422416	100.0	0.05	Neural Network (Specific Model)	11	0.876	146921	295.568856718634	5445399	0.5	5388	261	614399	None
SAMN04422419	100.0	0.06	Neural Network (Specific Model)	11	0.875	148626	292.4203984646317	5476632	0.5	5471	308	362139	None
SAMN04422420	100.0	0.05	Neural Network (Specific Model)	11	0.876	184501	294.8709975939293	5444476	0.5	5403	247	462722	None
SAMN04422425	100.0	0.06	Neural Network (Specific Model)	11	0.875	148791	293.8613352898019	5483656	0.5	5452	282	613850	None
SAMN04422431	100.0	0.05	Neural Network (Specific Model)	11	0.875	142782	295.9475354742345	5423817	0.5	5356	245	614559	None
SAMN04422435	100.0	0.06	Neural Network (Specific Model)	11	0.876	98304	295.13106525376463	5428355	0.5	5379	281	273370	None
SAMN04422437	100.0	0.05	Neural Network (Specific Model)	11	0.876	150227	294.124584103512	5441329	0.5	5410	287	611819	None
SAMN04422439	100.0	0.05	Neural Network (Specific Model)	11	0.875	202375	292.70406295754026	5473989	0.5	5464	319	611819	None
SAMN04429906	100.0	0.06	Neural Network (Specific Model)	11	0.875	148373	293.1950951683748	5483705	0.5	5464	281	403381	None
SAMN04446958	100.0	0.25	Neural Network (Specific Model)	11	0.882	331456	312.8534278959811	4942925	0.51	4653	88	654837	None
SAMN04510413	100.0	0.06	Neural Network (Specific Model)	11	0.878	36021	295.4433478838489	5309068	0.51	5269	427	139054	None
SAMN04510557	100.0	0.18	Neural Network (Specific Model)	11	0.873	77624	302.4446205666733	5234947	0.51	5047	203	261101	None
SAMN04510563	100.0	0.68	Neural Network (Specific Model)	11	0.873	5770602	297.12660646057657	5866200	0.51	5758	2	5770602	None
SAMN04510568	100.0	0.1	Neural Network (Specific Model)	11	0.881	140137	308.8626266982963	4867362	0.51	4637	153	510080	None
SAMN04902851	100.0	0.08	Neural Network (Specific Model)	11	0.882	136524	312.35129356425057	4958398	0.51	4677	102	291251	None
SAMN04902855	100.0	0.14	Neural Network (Specific Model)	11	0.873	133085	302.0341047503045	5104754	0.5	4926	211	390681	None
SAMN04902856	100.0	0.12	Neural Network (Specific Model)	11	0.884	106268	312.0357142857143	4735508	0.51	4480	142	268255	None
SAMN04902860	100.0	0.7	Neural Network (Specific Model)	11	0.878	198168	297.2653098310013	5581409	0.5	5503	222	511614	None
SAMN04902873	100.0	0.29	Neural Network (Specific Model)	11	0.88	87380	306.7654320987654	4987392	0.51	4779	201	287161	None
SAMN04902882	100.0	0.05	Neural Network (Specific Model)	11	0.874	65598	297.58652057060164	4932043	0.51	4837	355	236467	None
SAMN04902883	100.0	0.06	Neural Network (Specific Model)	11	0.877	136924	307.35843373493975	4877707	0.5	4648	141	365870	None
SAMN04902892	100.0	0.28	Neural Network (Specific Model)	11	0.872	35108	290.5989185157561	5351670	0.51	5363	436	135094	None
SAMN04913896	100.0	0.12	Neural Network (Specific Model)	11	0.875	90702	279.2709555345317	5052508	0.51	5285	409	239978	None
SAMN04942837	100.0	0.07	Neural Network (Specific Model)	11	0.882	168354	312.09534834771625	5032119	0.51	4751	105	872156	None
SAMN04942838	100.0	0.07	Neural Network (Specific Model)	11	0.883	185200	311.8745007357578	5034105	0.51	4757	98	594034	None
SAMN04942840	100.0	0.51	Neural Network (Specific Model)	11	0.885	197495	319.9461353185899	4946215	0.51	4567	120	546580	None
SAMN05163875	100.0	0.04	Neural Network (Specific Model)	11	0.882	159962	310.8252041029935	5044827	0.51	4777	97	617743	None
SAMN05171462	100.0	0.31	Neural Network (Specific Model)	11	0.876	65749	284.57543673901534	5512316	0.51	5667	387	202823	None
SAMN05226141	100.0	0.14	Neural Network (Specific Model)	11	0.887	217599	315.40489432703004	4785421	0.51	4495	103	549141	None
SAMN05232926	100.0	0.07	Neural Network (Specific Model)	11	0.877	168835	308.83361593895717	4976345	0.51	4718	109	529908	None
SAMN05232927	100.0	0.12	Neural Network (Specific Model)	11	0.874	110346	303.9694543922477	4946221	0.51	4747	211	318954	None
SAMN05275927	100.0	0.19	Neural Network (Specific Model)	11	0.873	109609	286.43601982742797	5349303	0.51	5447	406	350380	None
SAMN05326673	100.0	0.02	Neural Network (Specific Model)	11	0.878	26872	290.3166760247052	5291653	0.51	5343	559	100693	None
SAMN05326676	100.0	0.02	Neural Network (Specific Model)	11	0.874	92888	289.07525510204084	5434598	0.5	5488	377	314160	None
SAMN05326683	100.0	0.03	Neural Network (Specific Model)	11	0.874	67760	290.09884678747943	5426188	0.5	5463	395	196477	None
SAMN05326698	100.0	0.21	Neural Network (Specific Model)	11	0.871	35041	300.52478314745974	5001573	0.51	4842	357	162336	None
SAMN05326700	100.0	0.21	Neural Network (Specific Model)	11	0.88	62276	300.446212731668	5076206	0.51	4964	221	195525	None
SAMN05326703	100.0	0.03	Neural Network (Specific Model)	11	0.873	45168	291.771134428826	5055118	0.51	5051	374	177391	None
SAMN05439481	100.0	1.22	Neural Network (Specific Model)	11	0.878	82478	304.3966061562747	5261277	0.51	5068	192	294450	None
SAMN05439506	100.0	0.46	Neural Network (Specific Model)	11	0.877	66003	309.83564814814815	5025640	0.51	4752	202	217700	None
SAMN05439511	100.0	0.08	Neural Network (Specific Model)	11	0.884	59775	310.72180762852406	5076407	0.51	4824	225	192850	None
SAMN05439518	100.0	0.07	Neural Network (Specific Model)	11	0.884	43459	308.757048092869	5046924	0.51	4824	229	114693	None
SAMN05439567	100.0	0.05	Neural Network (Specific Model)	11	0.876	125809	306.9942794279428	4772987	0.5	4545	150	360194	None
SAMN05439568	100.0	0.1	Neural Network (Specific Model)	11	0.879	98051	292.60033320992227	5384916	0.5	5402	336	375825	None
SAMN05440254	100.0	0.21	Neural Network (Specific Model)	11	0.884	587644	313.67986449290703	5018155	0.51	4723	58	909671	None
SAMN05440258	100.0	0.09	Neural Network (Specific Model)	11	0.878	92087	300.222963689892	5218014	0.51	5095	167	287747	None
SAMN05440259	100.0	0.11	Neural Network (Specific Model)	11	0.885	119760	313.73721413721415	5108335	0.51	4810	156	455592	None
SAMN05440266	100.0	0.61	Neural Network (Specific Model)	11	0.881	193792	309.6548191511604	5032056	0.51	4783	132	417378	None
SAMN05440269	100.0	0.15	Neural Network (Specific Model)	11	0.884	152642	311.74310306775544	4786327	0.51	4531	151	375668	None
SAMN05440271	100.0	0.28	Neural Network (Specific Model)	11	0.882	195028	310.3185510428101	4797330	0.51	4555	136	380315	None
SAMN05440280	100.0	0.1	Neural Network (Specific Model)	11	0.884	189166	316.95842044134724	4622424	0.51	4305	74	363656	None
SAMN05452846	100.0	0.06	Neural Network (Specific Model)	11	0.881	177516	312.41492405899186	4824862	0.5	4543	94	354329	None
SAMN05464541	100.0	0.11	Neural Network (Specific Model)	11	0.877	52994	304.41717103788386	4639089	0.51	4461	201	190258	None
SAMN05595849	100.0	0.15	Neural Network (Specific Model)	11	0.886	166981	310.75005405405403	4856800	0.51	4625	136	376198	None
SAMN05596101	100.0	0.6	Neural Network (Specific Model)	11	0.878	131723	304.68151582342267	5154384	0.51	4961	132	310564	None
SAMN05596161	100.0	0.33	Neural Network (Specific Model)	11	0.88	123712	294.33245581045503	5323583	0.51	5318	307	253919	None
SAMN05596165	100.0	0.08	Neural Network (Specific Model)	11	0.88	232260	310.72531535450196	4864017	0.51	4598	82	1064644	None
SAMN05596205	100.0	0.13	Neural Network (Specific Model)	11	0.872	81056	304.8217842763297	4940431	0.51	4719	163	229247	None
SAMN05596234	100.0	0.09	Neural Network (Specific Model)	11	0.875	85269	299.60959454034526	5105373	0.51	4982	280	433384	None
SAMN05596240	100.0	0.06	Neural Network (Specific Model)	11	0.879	113264	311.79965156794424	4876250	0.51	4592	132	358555	None
SAMN05596356	100.0	0.09	Neural Network (Specific Model)	11	0.884	210133	314.46313885119855	4713219	0.51	4422	69	600602	None
SAMN05596491	100.0	0.07	Neural Network (Specific Model)	11	0.883	236905	314.61645653616455	4826126	0.51	4521	77	438459	None
SAMN05596653	100.0	0.25	Neural Network (Specific Model)	11	0.879	154900	311.6946158757182	4992700	0.51	4699	123	387461	None
SAMN05596717	100.0	0.08	Neural Network (Specific Model)	11	0.879	139680	306.4555741827326	4981122	0.51	4772	142	326767	None
SAMN05596725	100.0	0.1	Neural Network (Specific Model)	11	0.877	97208	306.0365400495458	5059654	0.51	4844	129	406298	None
SAMN05605369	100.0	0.22	Neural Network (Specific Model)	11	0.881	107584	299.96525911708255	5313450	0.51	5210	224	378203	None
SAMN05605370	100.0	0.25	Neural Network (Specific Model)	11	0.876	75642	288.687337541775	5312030	0.51	5386	418	243586	None
SAMN05605374	100.0	0.23	Neural Network (Specific Model)	11	0.881	97610	298.1979027645377	5318396	0.51	5245	264	360625	None
SAMN05605391	100.0	0.34	Neural Network (Specific Model)	11	0.875	117682	289.0756115641216	5338427	0.5	5396	377	254735	None
SAMN05605418	100.0	0.09	Neural Network (Specific Model)	11	0.879	139063	307.32540496206684	5104660	0.51	4877	163	395082	None
SAMN05605426	100.0	0.26	Neural Network (Specific Model)	11	0.873	73167	283.778445229682	5507567	0.5	5660	471	197218	None
SAMN05605428	100.0	0.32	Neural Network (Specific Model)	11	0.874	56155	284.3989342806394	5485537	0.5	5630	455	222246	None
SAMN05605430	100.0	0.1	Neural Network (Specific Model)	11	0.88	155448	307.19758147161303	5103147	0.51	4879	160	465848	None
SAMN05757714	100.0	0.08	Neural Network (Specific Model)	11	0.881	231317	309.253762541806	5029089	0.51	4784	103	738195	None
SAMN05757740	100.0	0.04	Neural Network (Specific Model)	11	0.877	138731	308.3001679261125	5015801	0.5	4764	112	541778	None
SAMN05859955	100.0	0.4	Neural Network (Specific Model)	11	0.873	107495	288.153789142116	5331438	0.5	5397	344	271403	None
SAMN05859958	100.0	0.41	Neural Network (Specific Model)	11	0.874	107495	287.33466352258296	5429088	0.5	5513	351	277590	None
SAMN06005810	100.0	0.09	Neural Network (Specific Model)	11	0.875	135605	290.3270185764208	5402451	0.5	5437	402	270337	None
SAMN06005819	100.0	0.1	Neural Network (Specific Model)	11	0.876	147587	293.10599334073254	5417638	0.5	5406	301	613859	None
SAMN06005823	100.0	0.05	Neural Network (Specific Model)	11	0.875	135605	290.92324764194564	5380568	0.5	5407	353	314114	None
SAMN06005831	100.0	0.04	Neural Network (Specific Model)	11	0.874	171054	295.5736184708554	5349186	0.5	5284	280	644517	None
SAMN06005833	100.0	0.07	Neural Network (Specific Model)	11	0.875	148786	287.7480343102216	5512485	0.5	5596	407	440879	None
SAMN06005836	100.0	0.05	Neural Network (Specific Model)	11	0.875	149450	294.3215289488477	5373509	0.5	5337	317	375097	None
SAMN06005845	100.0	0.06	Neural Network (Specific Model)	11	0.876	142782	293.1760935143288	5314409	0.5	5304	316	440887	None
SAMN06005850	100.0	0.06	Neural Network (Specific Model)	11	0.874	99450	291.7580228697897	5416310	0.5	5422	383	392630	None
SAMN06005853	100.0	0.08	Neural Network (Specific Model)	11	0.876	107667	291.72557364914877	5390741	0.5	5404	382	349843	None
SAMN06005880	100.0	0.07	Neural Network (Specific Model)	11	0.875	129278	290.3359345968042	5345066	0.5	5382	378	441444	None
SAMN06220077	100.0	0.31	Neural Network (Specific Model)	11	0.877	151285	295.5137911356287	5303590	0.51	5257	218	329163	None
SAMN06220079	100.0	0.3	Neural Network (Specific Model)	11	0.874	135486	287.1163708086785	5483208	0.51	5577	361	255073	None
SAMN06220092	100.0	0.31	Neural Network (Specific Model)	11	0.877	156334	296.2913566113337	5302202	0.51	5241	195	329163	None
SAMN06220109	100.0	0.3	Neural Network (Specific Model)	11	0.876	133951	292.1009687034277	5358160	0.51	5368	304	328005	None
SAMN06220116	100.0	0.24	Neural Network (Specific Model)	11	0.879	213607	295.75858011374777	5135469	0.51	5099	201	605127	None
SAMN06220119	100.0	0.4	Neural Network (Specific Model)	11	0.878	135490	294.2555083107847	5191136	0.51	5174	225	368136	None
SAMN06220131	100.0	0.11	Neural Network (Specific Model)	11	0.875	108938	301.37248387727186	5279076	0.5	5117	172	318443	None
SAMN06220133	100.0	0.19	Neural Network (Specific Model)	11	0.877	124930	306.471959798995	5204433	0.5	4975	147	526941	None
SAMN06220134	100.0	0.15	Neural Network (Specific Model)	11	0.876	139278	302.7410592143834	5295947	0.51	5117	148	384103	None
SAMN06220135	100.0	0.14	Neural Network (Specific Model)	11	0.875	145216	301.74484636328276	5312074	0.51	5142	168	384637	None
SAMN06645802	100.0	0.14	Neural Network (Specific Model)	11	0.879	193489	306.83043751308355	4996014	0.51	4777	144	512062	None
SAMN06689618	100.0	0.28	Neural Network (Specific Model)	11	0.879	67888	306.9590095713691	5024927	0.51	4806	258	246596	None
SAMN06689622	100.0	0.37	Neural Network (Specific Model)	11	0.88	87052	307.34861609972535	4952493	0.51	4733	225	255687	None
SAMN07229622	100.0	0.13	Neural Network (Specific Model)	11	0.879	186236	312.64647916238965	5186116	0.51	4871	136	315433	None
SAMN07229639	100.0	0.29	Neural Network (Specific Model)	11	0.873	135726	300.85038138079403	5273781	0.5	5113	138	392147	None
SAMN07283930	100.0	0.13	Neural Network (Specific Model)	11	0.876	105962	311.4822006472492	4608684	0.51	4326	123	593450	None
SAMN07283931	100.0	0.15	Neural Network (Specific Model)	11	0.878	108639	308.2586570945946	4981303	0.51	4736	149	318762	None
SAMN07291232	100.0	0.11	Neural Network (Specific Model)	11	0.88	106946	309.2273112807464	4964968	0.51	4716	142	271886	None
SAMN07374662	100.0	0.15	Neural Network (Specific Model)	11	0.878	112077	308.020202020202	4990289	0.51	4752	144	447063	None
SAMN07374666	100.0	0.07	Neural Network (Specific Model)	11	0.876	136882	299.92668024439917	5034247	0.5	4910	155	288654	None
SAMN07410333	100.0	0.32	Neural Network (Specific Model)	11	0.875	71132	301.23629133528675	4927908	0.51	4778	218	209951	None
SAMN07450958	100.0	0.12	Neural Network (Specific Model)	11	0.874	155079	311.1434665469241	4746719	0.51	4454	104	444050	None
SAMN07537146	100.0	0.32	Neural Network (Specific Model)	11	0.872	101800	306.1105195911414	4935156	0.51	4696	134	402595	None
SAMN07537151	100.0	0.42	Neural Network (Specific Model)	11	0.881	211652	310.75763568446496	4809869	0.51	4551	111	680600	None
SAMN07608069	100.0	0.03	Neural Network (Specific Model)	11	0.879	150948	310.68232263178754	5344085	0.5	5046	157	394148	None
SAMN07645991	100.0	0.14	Neural Network (Specific Model)	11	0.88	188480	313.1016225448335	4991961	0.51	4684	78	568322	None
SAMN07722632	100.0	0.4	Neural Network (Specific Model)	11	0.88	139489	305.1871122673604	5187550	0.51	4997	110	410474	None
SAMN07722652	100.0	0.05	Neural Network (Specific Model)	11	0.873	98439	296.140377076722	5440044	0.51	5357	209	327572	None
SAMN07722654	100.0	0.06	Neural Network (Specific Model)	11	0.873	74146	300.5403645833333	4748549	0.51	4608	214	181029	None
SAMN07747733	100.0	0.1	Neural Network (Specific Model)	11	0.88	147589	311.3018585772271	4961494	0.51	4681	91	580070	None
SAMN07747746	100.0	0.14	Neural Network (Specific Model)	11	0.877	109546	301.1246267171013	5165025	0.51	5023	234	370489	None
SAMN07747782	100.0	0.38	Neural Network (Specific Model)	11	0.876	85696	287.1368518518519	5300781	0.5	5400	331	231767	None
SAMN07747806	100.0	0.19	Neural Network (Specific Model)	11	0.883	154815	312.65756162558296	4776326	0.51	4503	113	630960	None
SAMN07781658	100.0	0.23	Neural Network (Specific Model)	11	0.875	115697	299.36623690572117	5088082	0.5	4964	204	252007	None
SAMN07781663	100.0	0.23	Neural Network (Specific Model)	11	0.876	127150	299.3893805309734	5089735	0.5	4972	211	381446	None
SAMN07781725	100.0	0.27	Neural Network (Specific Model)	11	0.874	91177	284.96034356725147	5342417	0.5	5472	420	357820	None
SAMN07839404	100.0	0.22	Neural Network (Specific Model)	11	0.866	47249	296.17920628358826	4952090	0.51	4838	466	249560	None
SAMN07839409	100.0	0.23	Neural Network (Specific Model)	11	0.882	110308	304.97717883139876	5265026	0.51	5083	205	381235	None
SAMN07839424	100.0	0.15	Neural Network (Specific Model)	11	0.882	96762	308.1717235566793	4968110	0.51	4746	152	250054	None
SAMN07839429	100.0	0.06	Neural Network (Specific Model)	11	0.877	132065	303.3628011433238	5073276	0.51	4898	226	329908	None
SAMN07955797	100.0	0.08	Neural Network (Specific Model)	11	0.879	123753	312.10132926563523	4879412	0.51	4589	129	349228	None
SAMN07989023	100.0	0.18	Neural Network (Specific Model)	11	0.876	124443	301.9969481180061	5071109	0.51	4915	182	352839	None
SAMN08025037	100.0	0.1	Neural Network (Specific Model)	11	0.879	89957	303.67397849462367	4811683	0.51	4650	191	246628	None
SAMN08025038	100.0	0.08	Neural Network (Specific Model)	11	0.878	193149	304.9868393995476	5057867	0.51	4863	138	526037	None
SAMN08025040	100.0	0.19	Neural Network (Specific Model)	11	0.879	69069	309.8947718210013	4768969	0.51	4514	184	173033	None
SAMN08025044	100.0	0.11	Neural Network (Specific Model)	11	0.876	97920	304.0536614888037	5150520	0.51	4957	187	303631	None
SAMN08025050	100.0	0.15	Neural Network (Specific Model)	11	0.879	88413	307.51659970395434	4955639	0.51	4729	186	230433	None
SAMN08025054	100.0	0.07	Neural Network (Specific Model)	11	0.881	143752	307.28310032894734	5081804	0.51	4864	124	564883	None
SAMN08051579	100.0	0.08	Neural Network (Specific Model)	11	0.882	73954	307.67224516409476	4804305	0.51	4601	159	238306	None
SAMN08052682	100.0	0.08	Neural Network (Specific Model)	11	0.88	215150	308.26633478531426	5056737	0.51	4821	130	627938	None
SAMN08146171	100.0	0.04	Neural Network (Specific Model)	11	0.882	75598	305.34131242261657	5025772	0.51	4846	225	198569	None
SAMN08146313	100.0	0.32	Neural Network (Specific Model)	11	0.879	152508	310.6752537080406	5423936	0.5	5124	179	602334	None
SAMN08146314	100.0	1.07	Neural Network (Specific Model)	11	0.878	384250	309.9319658813972	5204320	0.51	4924	176	677992	None
SAMN08146317	100.0	1.28	Neural Network (Specific Model)	11	0.875	77987	294.3578387953942	5683864	0.51	5645	337	229036	None
SAMN08167633	100.0	0.17	Neural Network (Specific Model)	11	0.879	113264	311.993052540165	4894468	0.51	4606	142	314890	None
SAMN08182236	100.0	0.13	Neural Network (Specific Model)	11	0.883	151203	314.67762557077623	4676249	0.51	4380	87	619834	None
SAMN08226267	100.0	0.14	Neural Network (Specific Model)	11	0.88	143681	301.32835820895525	5357802	0.51	5226	166	337851	None
SAMN08272741	100.0	0.1	Neural Network (Specific Model)	11	0.876	133471	311.16331236897275	5076057	0.51	4770	145	380040	None
SAMN08380138	100.0	0.3	Neural Network (Specific Model)	11	0.873	53600	293.7469500196773	5119391	0.51	5082	343	129086	None
SAMN08472604	100.0	0.12	Neural Network (Specific Model)	11	0.879	177516	311.8491960017384	4892764	0.51	4602	100	511835	None
SAMN08472611	100.0	0.23	Neural Network (Specific Model)	11	0.883	170117	308.1771784232365	5037073	0.51	4820	123	619883	None
SAMN08500542	100.0	0.13	Neural Network (Specific Model)	11	0.877	107305	304.3310907237513	5098407	0.51	4905	162	329704	None
SAMN08522369	100.0	0.13	Neural Network (Specific Model)	11	0.879	129307	311.46252723311545	4869609	0.51	4590	124	399170	None
SAMN08581716	100.0	0.27	Neural Network (Specific Model)	11	0.882	191062	309.6853678586108	5114112	0.51	4866	116	370403	None
SAMN08581900	100.0	0.25	Neural Network (Specific Model)	11	0.879	137553	308.9111691704768	4835385	0.51	4593	99	364896	None
SAMN08624231	100.0	0.21	Neural Network (Specific Model)	11	0.881	193293	310.4560900716479	5157628	0.51	4885	129	472958	None
SAMN08719219	100.0	0.07	Neural Network (Specific Model)	11	0.877	192127	300.33472553699283	5156011	0.51	5028	138	616443	None
SAMN08899174	100.0	0.08	Neural Network (Specific Model)	11	0.877	135993	306.99669011170874	5069059	0.51	4834	173	319856	None
SAMN08909985	100.0	0.06	Neural Network (Specific Model)	11	0.877	131323	308.91929746554024	4747951	0.51	4498	130	461898	None
SAMN08910001	100.0	0.46	Neural Network (Specific Model)	11	0.879	129405	302.0293488824101	5293789	0.5	5145	171	281992	None
SAMN08937779	100.0	0.13	Neural Network (Specific Model)	11	0.87	88692	299.30734785263587	5064040	0.51	4913	241	203482	None
SAMN09013513	100.0	0.1	Neural Network (Specific Model)	11	0.88	133478	308.9629547960309	4767775	0.51	4535	114	412037	None
SAMN09013516	100.0	0.78	Neural Network (Specific Model)	11	0.884	251022	307.62688669752464	5179532	0.51	4969	87	381471	None
SAMN09013518	100.0	0.15	Neural Network (Specific Model)	11	0.878	161258	311.33807013522807	4633557	0.51	4363	109	343952	None
SAMN09013573	100.0	0.13	Neural Network (Specific Model)	11	0.878	126893	310.2023731048121	4813095	0.51	4551	130	387942	None
SAMN09013574	100.0	0.09	Neural Network (Specific Model)	11	0.88	215276	311.32366313054774	4892927	0.51	4619	90	467585	None
SAMN09098800	100.0	0.08	Neural Network (Specific Model)	11	0.881	168642	312.13604126370086	4938014	0.51	4653	114	330682	None
SAMN09195610	100.0	0.12	Neural Network (Specific Model)	11	0.881	116823	311.12947005601035	4907119	0.51	4642	135	369826	None
SAMN09195613	100.0	0.12	Neural Network (Specific Model)	11	0.88	185368	309.5850296861747	4968553	0.51	4716	88	584573	None
SAMN09195614	100.0	0.13	Neural Network (Specific Model)	11	0.882	170973	303.87077172371886	5095900	0.51	4937	122	402799	None
SAMN09195625	100.0	0.82	Neural Network (Specific Model)	11	0.878	82884	294.51626776365	5372122	0.5	5348	230	352062	None
SAMN09195629	100.0	0.15	Neural Network (Specific Model)	11	0.879	193453	312.78777851312594	4830189	0.51	4533	103	548603	None
SAMN09233768	100.0	0.05	Neural Network (Specific Model)	11	0.878	55100	306.75612903225806	4867927	0.51	4650	238	148104	None
SAMN09267080	100.0	0.14	Neural Network (Specific Model)	11	0.877	65842	308.6468494871258	5033165	0.51	4777	218	156560	None
SAMN09462581	100.0	0.14	Neural Network (Specific Model)	11	0.879	124867	310.9059633027523	4617074	0.51	4360	124	630070	None
SAMN09462585	100.0	0.15	Neural Network (Specific Model)	11	0.875	89941	310.4128282393457	4937320	0.51	4646	139	240248	None
SAMN09489514	100.0	0.12	Neural Network (Specific Model)	11	0.883	172310	310.37155863862995	4854296	0.51	4613	81	299998	None
SAMN09624584	100.0	0.1	Neural Network (Specific Model)	11	0.875	104010	301.72468538238144	5333699	0.51	5165	214	307003	None
SAMN09624593	100.0	0.19	Neural Network (Specific Model)	11	0.88	173856	305.7748357963875	5072087	0.51	4872	150	503477	None
SAMN09633449	100.0	0.03	Neural Network (Specific Model)	11	0.878	78078	301.0945861854387	4953275	0.51	4821	162	243877	None
SAMN09693207	100.0	0.48	Neural Network (Specific Model)	11	0.879	62977	292.68504517794577	5408169	0.51	5423	329	225796	None
SAMN09725140	100.0	0.12	Neural Network (Specific Model)	11	0.87	62645	280.06501377410467	5250428	0.5	5445	465	263648	None
SAMN09725141	100.0	0.36	Neural Network (Specific Model)	11	0.881	119719	304.7553213054936	5108861	0.51	4933	210	514864	None
SAMN09849965	100.0	0.11	Neural Network (Specific Model)	11	0.878	95025	308.96472851646	4927447	0.51	4678	159	247125	None
SAMN10034794	100.0	0.17	Neural Network (Specific Model)	11	0.881	99252	309.8485178727114	4835610	0.51	4588	151	295325	None
SAMN10034797	100.0	0.22	Neural Network (Specific Model)	11	0.878	61663	304.3278337261624	4842866	0.51	4667	222	227443	None
SAMN10078815	100.0	0.14	Neural Network (Specific Model)	11	0.878	91750	309.7939337809678	4566631	0.51	4319	163	207476	None
SAMN10221008	100.0	0.12	Neural Network (Specific Model)	11	0.882	185380	311.0629473684211	5018373	0.51	4750	98	559626	None
SAMN10221027	100.0	0.21	Neural Network (Specific Model)	11	0.875	98687	300.9855406538139	4916444	0.51	4772	245	211688	None
SAMN10221124	100.0	0.27	Neural Network (Specific Model)	11	0.882	140282	310.363810741688	4943943	0.51	4692	104	330321	None
SAMN10221142	100.0	0.19	Neural Network (Specific Model)	11	0.88	145548	309.7187839305103	4853118	0.51	4605	157	393398	None
SAMN10221393	100.0	0.3	Neural Network (Specific Model)	11	0.879	82742	304.3680643795002	4899447	0.51	4722	180	323565	None
SAMN04510562	100.0	0.1	Neural Network (Specific Model)	11	0.883	295738	311.42297650130547	4854344	0.51	4596	104	633473	None
SAMN04902864	100.0	0.28	Neural Network (Specific Model)	11	0.887	86869	314.54486607142854	4759236	0.51	4480	153	159599	None
SAMN05440256	100.0	0.09	Neural Network (Specific Model)	11	0.88	83723	299.17954863191534	5098209	0.51	5007	228	272882	None
SAMN05440263	100.0	0.07	Neural Network (Specific Model)	11	0.883	111514	300.87367346938777	5000486	0.51	4900	230	372224	None
SAMN05596204	100.0	0.09	Neural Network (Specific Model)	11	0.884	277931	318.4332309146774	4563135	0.51	4231	89	667276	None
SAMN05605422	100.0	0.22	Neural Network (Specific Model)	11	0.881	108155	299.46878590578325	5315000	0.51	5222	220	377595	None
SAMN05605423	100.0	0.22	Neural Network (Specific Model)	11	0.881	110139	299.6534406747173	5313129	0.51	5217	222	377595	None
SAMN05655961	100.0	0.19	Neural Network (Specific Model)	11	0.885	220282	317.67123287671234	5020770	0.51	4672	86	563532	None
SAMN05655980	100.0	0.11	Neural Network (Specific Model)	11	0.874	101164	306.3543916853475	5150774	0.51	4907	143	318460	None
SAMN05757735	100.0	0.04	Neural Network (Specific Model)	11	0.877	188759	308.10971260750995	5015669	0.5	4767	111	541778	None
SAMN05757738	100.0	0.04	Neural Network (Specific Model)	11	0.877	202191	308.31654072208227	5016649	0.5	4764	115	603647	None
SAMN05757741	100.0	0.04	Neural Network (Specific Model)	11	0.877	139649	308.1929861402772	5011691	0.5	4762	113	541778	None
SAMN05789714	100.0	0.11	Neural Network (Specific Model)	11	0.883	151818	311.13380281690144	4647248	0.51	4402	95	374438	None
SAMN05789715	100.0	0.03	Neural Network (Specific Model)	11	0.877	123723	306.62806143628063	5044255	0.5	4818	119	541778	None
SAMN05789722	100.0	0.07	Neural Network (Specific Model)	11	0.882	192588	310.73991805046364	4892421	0.51	4637	134	708153	None
SAMN05829269	100.0	0.15	Neural Network (Specific Model)	11	0.88	187630	303.06869195046437	5332650	0.51	5168	115	663045	None
SAMN05859954	100.0	0.37	Neural Network (Specific Model)	11	0.873	113004	286.25847306457365	5504139	0.5	5606	356	277590	None
SAMN05859956	100.0	0.4	Neural Network (Specific Model)	11	0.873	112035	288.8952062430323	5330453	0.5	5382	335	277590	None
SAMN06005821	100.0	0.09	Neural Network (Specific Model)	11	0.875	132345	291.24198034489154	5376192	0.5	5393	358	441444	None
SAMN06005825	100.0	0.07	Neural Network (Specific Model)	11	0.875	121931	290.60052122114666	5342262	0.5	5372	387	391475	None
SAMN06005835	100.0	0.04	Neural Network (Specific Model)	11	0.876	150145	295.7535761968339	5301812	0.5	5243	282	420190	None
SAMN06005875	100.0	0.05	Neural Network (Specific Model)	11	0.874	48890	292.1636707663198	5286254	0.5	5285	408	148939	None
SAMN06005888	100.0	0.05	Neural Network (Specific Model)	11	0.875	147587	290.386560827026	5380745	0.5	5417	362	440891	None
SAMN06005893	100.0	0.42	Neural Network (Specific Model)	11	0.875	66181	291.78641509433965	5292470	0.5	5300	409	217573	None
SAMN06159505	100.0	0.4	Neural Network (Specific Model)	11	0.873	92377	284.238704028021	5563457	0.5	5710	438	385698	None
SAMN06220087	100.0	0.35	Neural Network (Specific Model)	11	0.875	127079	285.63624887285846	5417254	0.51	5545	394	255074	None
SAMN06220104	100.0	0.3	Neural Network (Specific Model)	11	0.877	118932	289.5094512754634	5386916	0.51	5449	338	318673	None
SAMN06220106	100.0	0.32	Neural Network (Specific Model)	11	0.877	126424	293.39836492010403	5388343	0.51	5382	227	329166	None
SAMN06220111	100.0	0.32	Neural Network (Specific Model)	11	0.875	120417	288.49147005444644	5437684	0.51	5510	341	322495	None
SAMN06220112	100.0	0.2	Neural Network (Specific Model)	11	0.878	135486	295.36635006784263	5198196	0.51	5159	223	428561	None
SAMN06220113	100.0	0.31	Neural Network (Specific Model)	11	0.879	150241	297.7835627368841	5085417	0.51	5013	211	447067	None
SAMN06220117	100.0	0.28	Neural Network (Specific Model)	11	0.878	214875	298.89845605700714	5148890	0.51	5052	152	600284	None
SAMN06220122	100.0	0.29	Neural Network (Specific Model)	11	0.873	92859	289.1750658142159	5271072	0.51	5318	329	410172	None
SAMN06220124	100.0	0.24	Neural Network (Specific Model)	11	0.878	129435	298.2101205771892	5144444	0.51	5059	168	400616	None
SAMN06461736	100.0	0.02	Neural Network (Specific Model)	11	0.875	90736	311.13760152890586	4458952	0.51	4186	127	295981	None
SAMN06555242	100.0	0.11	Neural Network (Specific Model)	11	0.885	155300	315.3813131313131	4650554	0.51	4356	80	344820	None
SAMN06689619	100.0	0.37	Neural Network (Specific Model)	11	0.88	80490	308.6922750424448	4952163	0.51	4712	214	255687	None
SAMN06689620	100.0	0.39	Neural Network (Specific Model)	11	0.88	74479	308.0129182549767	4949107	0.51	4722	227	255687	None
SAMN06700868	100.0	0.12	Neural Network (Specific Model)	11	0.883	183328	311.50721054800164	5126951	0.5	4854	104	767065	None
SAMN06712424	100.0	0.1	Neural Network (Specific Model)	11	0.88	345737	309.6270136307311	5105212	0.51	4842	104	568166	None
SAMN06712431	100.0	0.19	Neural Network (Specific Model)	11	0.874	70976	294.06271425690665	4995513	0.51	4959	242	210427	None
SAMN07197390	100.0	0.03	Neural Network (Specific Model)	11	0.881	147065	308.204364674689	5138420	0.51	4903	99	689917	None
SAMN07371047	100.0	0.46	Neural Network (Specific Model)	11	0.878	273168	311.1925984878631	5335501	0.51	5026	109	429358	None
SAMN07374664	100.0	0.08	Neural Network (Specific Model)	11	0.878	87861	306.25118483412325	4847683	0.51	4642	138	231791	None
SAMN07410330	100.0	0.02	Neural Network (Specific Model)	11	0.87	59786	282.4466286974095	5290666	0.51	5443	336	279195	None
SAMN07410335	100.0	0.15	Neural Network (Specific Model)	11	0.879	216013	308.1757524731635	4988180	0.51	4751	86	500908	None
SAMN07411238	100.0	0.02	Neural Network (Specific Model)	11	0.878	179949	310.0136612021858	5029248	0.51	4758	117	523846	None
SAMN07440313	100.0	0.09	Neural Network (Specific Model)	11	0.883	193689	311.15783736647046	4839443	0.51	4587	84	313379	None
SAMN07440315	100.0	0.09	Neural Network (Specific Model)	11	0.878	207441	307.7493048128342	4905932	0.51	4675	134	714045	None
SAMN07450949	100.0	0.17	Neural Network (Specific Model)	11	0.882	184074	308.4854638734502	4898556	0.51	4678	122	600450	None
SAMN07450951	100.0	0.12	Neural Network (Specific Model)	11	0.881	150474	309.1070737475812	4885880	0.51	4651	100	341213	None
SAMN07450952	100.0	0.19	Neural Network (Specific Model)	11	0.876	125956	306.3346647046458	4982259	0.51	4757	142	266046	None
SAMN07450955	100.0	0.06	Neural Network (Specific Model)	11	0.878	99928	304.69946225851425	5221036	0.51	5021	179	378857	None
SAMN07450956	100.0	0.28	Neural Network (Specific Model)	11	0.882	139887	308.34122121276147	4955558	0.51	4733	139	422048	None
SAMN07537101	100.0	0.32	Neural Network (Specific Model)	11	0.881	223226	314.0385577323885	5124619	0.51	4798	109	317530	None
SAMN07537105	100.0	0.11	Neural Network (Specific Model)	11	0.875	85500	307.17584605175847	4754489	0.51	4521	183	226455	None
SAMN07537107	100.0	0.05	Neural Network (Specific Model)	11	0.88	135948	311.2744640203778	4989352	0.51	4711	111	591343	None
SAMN07537143	100.0	0.11	Neural Network (Specific Model)	11	0.882	146167	303.3613971330507	5100153	0.51	4953	159	333847	None
SAMN07537148	100.0	0.43	Neural Network (Specific Model)	11	0.887	279734	313.8370281605752	5304180	0.5	5007	99	710405	None
SAMN07608071	100.0	0.56	Neural Network (Specific Model)	11	0.88	120858	309.56906077348066	4958089	0.51	4706	146	286977	None
SAMN07608072	100.0	0.18	Neural Network (Specific Model)	11	0.88	180663	304.6943132826935	5052528	0.51	4871	188	409803	None
SAMN07608075	100.0	0.07	Neural Network (Specific Model)	11	0.881	141410	311.6702263989748	4958751	0.51	4682	101	606867	None
SAMN07645983	100.0	0.14	Neural Network (Specific Model)	11	0.882	188480	312.5939561608853	4986431	0.51	4699	98	355935	None
SAMN07645985	100.0	0.11	Neural Network (Specific Model)	11	0.88	100535	310.1188542112014	4938657	0.51	4678	151	248719	None
SAMN07645987	100.0	0.12	Neural Network (Specific Model)	11	0.878	107951	308.45535327264844	4856027	0.51	4614	153	258927	None
SAMN07645989	100.0	0.09	Neural Network (Specific Model)	11	0.883	94457	307.13440860215053	5036353	0.51	4836	130	263800	None
SAMN07645993	100.0	0.08	Neural Network (Specific Model)	11	0.886	75589	320.34144751141054	4984745	0.51	4601	159	334568	None
SAMN07645994	100.0	0.27	Neural Network (Specific Model)	11	0.874	66619	293.20263205336215	5571549	0.51	5547	337	320985	None
SAMN07665807	100.0	0.0	Neural Network (Specific Model)	11	0.887	178644	318.34061524743646	4824570	0.51	4486	96	818614	None
SAMN07665810	100.0	0.09	Neural Network (Specific Model)	11	0.88	123852	313.10850574712646	4637511	0.51	4350	105	384513	None
SAMN07665811	100.0	0.08	Neural Network (Specific Model)	11	0.878	109531	310.87234518220436	4741385	0.51	4473	127	273572	None
SAMN07722649	100.0	0.05	Neural Network (Specific Model)	11	0.874	91730	305.26778242677824	4998479	0.51	4780	205	210973	None
SAMN07747736	100.0	0.1	Neural Network (Specific Model)	11	0.88	136216	303.8356551584898	5120653	0.51	4953	137	261157	None
SAMN07747738	100.0	0.06	Neural Network (Specific Model)	11	0.884	192836	306.17031436530044	5211765	0.51	5026	120	659422	None
SAMN07747757	100.0	0.07	Neural Network (Specific Model)	11	0.876	106137	303.88522892065464	5012433	0.51	4827	147	319619	None
SAMN07747791	100.0	0.09	Neural Network (Specific Model)	11	0.88	188152	305.06957962311037	5012239	0.51	4829	138	399147	None
SAMN07747804	100.0	0.24	Neural Network (Specific Model)	11	0.88	180823	306.21889857369257	5261862	0.51	5048	131	387893	None
SAMN07781657	100.0	0.21	Neural Network (Specific Model)	11	0.878	135174	302.02020412414083	4945200	0.51	4801	189	239234	None
SAMN07781666	100.0	0.23	Neural Network (Specific Model)	11	0.875	120871	299.63806646525677	5088907	0.5	4965	205	258434	None
SAMN07781674	100.0	0.31	Neural Network (Specific Model)	11	0.878	137887	289.77177121771217	5354417	0.51	5420	376	260158	None
SAMN07781675	100.0	0.18	Neural Network (Specific Model)	11	0.875	109667	283.13121752041576	5221845	0.5	5388	398	374852	None
SAMN07781676	100.0	0.19	Neural Network (Specific Model)	11	0.874	105245	284.13592233009706	5215142	0.5	5356	395	374868	None
SAMN07781681	100.0	0.41	Neural Network (Specific Model)	11	0.869	59110	284.78985507246375	5144070	0.51	5244	695	179435	None
SAMN07781682	100.0	0.54	Neural Network (Specific Model)	11	0.869	58796	291.1277979720681	5242639	0.51	5227	430	187046	None
SAMN07781684	100.0	0.07	Neural Network (Specific Model)	11	0.871	67150	290.49902419984386	5119546	0.5	5124	282	247709	None
SAMN07781696	99.99	0.05	Neural Network (Specific Model)	11	0.869	66755	288.7373660030628	5194540	0.5	5224	306	391566	None
SAMN07781701	100.0	0.32	Neural Network (Specific Model)	11	0.874	99278	285.92410387710316	5355959	0.51	5468	405	286580	None
SAMN07781715	100.0	0.01	Neural Network (Specific Model)	11	0.875	124497	291.94507148231753	5309594	0.5	5316	343	365934	None
SAMN07839413	100.0	0.17	Neural Network (Specific Model)	11	0.879	82827	312.7573844419391	4725411	0.51	4435	151	243487	None
SAMN07839418	100.0	0.18	Neural Network (Specific Model)	11	0.878	109227	311.0776384083045	4906606	0.51	4624	154	235676	None
SAMN07839419	100.0	0.3	Neural Network (Specific Model)	11	0.873	76964	303.5079063883618	4939687	0.51	4743	201	222774	None
SAMN07839421	100.0	0.12	Neural Network (Specific Model)	11	0.88	185637	310.8801643954142	4893727	0.51	4623	125	410566	None
SAMN07839427	100.0	0.16	Neural Network (Specific Model)	11	0.88	113038	310.0516252390057	4966227	0.51	4707	129	410809	None
SAMN07839432	100.0	0.13	Neural Network (Specific Model)	11	0.878	99462	311.9886363636364	4774121	0.51	4488	103	325976	None
SAMN07955775	100.0	0.04	Neural Network (Specific Model)	11	0.87	53733	296.1281337047354	4758990	0.51	4667	283	205200	None
SAMN07955781	100.0	0.15	Neural Network (Specific Model)	11	0.88	248312	313.2590606905426	4969327	0.51	4663	85	568161	None
SAMN07955783	100.0	0.13	Neural Network (Specific Model)	11	0.878	196215	311.8752428232247	4931286	0.51	4633	131	442009	None
SAMN07955806	100.0	0.06	Neural Network (Specific Model)	11	0.88	170316	309.3522679101314	4970338	0.51	4718	170	378853	None
SAMN07955809	100.0	0.06	Neural Network (Specific Model)	11	0.878	144446	303.28316067438556	5094185	0.51	4923	186	444449	None
SAMN08025046	100.0	0.14	Neural Network (Specific Model)	11	0.884	111954	314.8684569868002	4687919	0.51	4394	123	291056	None
SAMN08025047	100.0	0.14	Neural Network (Specific Model)	11	0.877	120768	306.06513723883654	5099315	0.51	4882	148	289179	None
SAMN08025049	100.0	0.07	Neural Network (Specific Model)	11	0.88	111563	311.3272607550483	4829121	0.51	4556	145	334403	None
SAMN08025056	100.0	0.0	Neural Network (Specific Model)	11	0.873	47708	289.3941619949739	5135158	0.51	5173	283	154261	None
SAMN08051577	100.0	0.06	Neural Network (Specific Model)	11	0.88	82013	309.7677819632174	4757278	0.51	4513	128	481944	None
SAMN08051580	100.0	0.03	Neural Network (Specific Model)	11	0.878	60652	307.7107247591119	5008964	0.51	4774	230	195585	None
SAMN08051582	100.0	0.15	Neural Network (Specific Model)	11	0.877	74734	305.8516519110343	4838635	0.51	4631	193	192297	None
SAMN08146168	100.0	0.48	Neural Network (Specific Model)	11	0.882	181787	312.10143174027024	5255479	0.5	4959	132	532822	None
SAMN08146174	100.0	0.05	Neural Network (Specific Model)	11	0.882	70887	306.9040299127545	5017278	0.51	4814	206	198569	None
SAMN08146176	100.0	0.48	Neural Network (Specific Model)	11	0.882	174121	311.84899193548387	5253359	0.5	4960	150	533354	None
SAMN08146178	100.0	0.18	Neural Network (Specific Model)	11	0.877	116725	304.78539553752535	5128130	0.51	4930	163	345004	None
SAMN08146185	100.0	0.15	Neural Network (Specific Model)	11	0.875	149855	303.96624141315016	5297524	0.51	5095	142	373355	None
SAMN08146203	100.0	0.26	Neural Network (Specific Model)	11	0.872	84024	294.43820907617504	4989914	0.51	4936	298	178527	None
SAMN08146262	100.0	0.11	Neural Network (Specific Model)	11	0.877	177516	306.73736960523627	5120901	0.51	4889	179	403550	None
SAMN08146263	100.0	0.04	Neural Network (Specific Model)	11	0.882	88539	306.8046336881653	4992993	0.51	4791	202	255579	None
SAMN08146274	100.0	1.06	Neural Network (Specific Model)	11	0.88	247765	312.4199627252019	5135871	0.51	4829	188	450197	None
SAMN08146276	100.0	0.63	Neural Network (Specific Model)	11	0.879	272032	313.58483530142945	5159832	0.51	4827	118	525979	None
SAMN08146279	100.0	0.56	Neural Network (Specific Model)	11	0.88	172520	313.84551667011806	5160081	0.51	4829	115	468696	None
SAMN08146282	100.0	1.07	Neural Network (Specific Model)	11	0.879	291937	313.0147722609766	5198472	0.51	4874	94	530421	None
SAMN08146296	100.0	0.06	Neural Network (Specific Model)	11	0.882	98471	307.2831803005008	5002081	0.51	4792	178	269112	None
SAMN08146301	100.0	0.08	Neural Network (Specific Model)	11	0.876	167625	305.7656444260257	5044958	0.51	4826	166	372934	None
SAMN08146303	100.0	1.08	Neural Network (Specific Model)	11	0.879	312488	313.10706946157006	5189815	0.51	4866	98	879840	None
SAMN08146304	100.0	1.09	Neural Network (Specific Model)	11	0.874	108744	297.1036077705828	5504482	0.5	5405	216	305463	None
SAMN08146311	100.0	1.07	Neural Network (Specific Model)	11	0.879	361107	313.32722782465527	5186175	0.51	4859	95	612493	None
SAMN08167534	100.0	0.28	Neural Network (Specific Model)	11	0.875	128815	307.19543509272467	5157984	0.51	4907	166	338165	None
SAMN08167597	100.0	0.09	Neural Network (Specific Model)	11	0.875	166154	309.87446376157146	4700081	0.51	4429	125	497452	None
SAMN08167608	100.0	0.09	Neural Network (Specific Model)	11	0.88	137441	312.4314359637775	4928651	0.51	4638	110	330176	None
SAMN08167609	100.0	0.31	Neural Network (Specific Model)	11	0.88	150468	304.54825849769196	4937302	0.51	4766	174	590504	None
SAMN08167632	100.0	0.11	Neural Network (Specific Model)	11	0.877	73944	307.94623889009324	4853386	0.51	4613	208	255310	None
SAMN08182231	100.0	0.05	Neural Network (Specific Model)	11	0.876	131281	307.34942932396837	4786533	0.51	4556	145	529630	None
SAMN08182233	100.0	0.11	Neural Network (Specific Model)	11	0.881	100594	311.58645470383277	4864280	0.51	4592	160	234050	None
SAMN08182234	100.0	0.11	Neural Network (Specific Model)	11	0.874	64108	301.06481669029773	5090300	0.51	4937	266	186452	None
SAMN08182235	100.0	0.15	Neural Network (Specific Model)	11	0.879	96781	311.71807065217394	4689776	0.51	4416	137	377978	None
SAMN08226274	100.0	0.15	Neural Network (Specific Model)	11	0.878	50384	297.39680729760545	4449767	0.51	4385	230	248554	None
SAMN08272744	100.0	0.19	Neural Network (Specific Model)	11	0.883	183101	316.3018367346939	5255669	0.51	4900	137	550437	None
SAMN08272745	99.99	0.02	Neural Network (Specific Model)	11	0.877	88680	306.08155339805825	4843192	0.51	4635	175	203447	None
SAMN08272747	100.0	0.23	Neural Network (Specific Model)	11	0.878	111523	312.17072610294116	4632849	0.51	4352	124	317397	None
SAMN08289295	100.0	0.29	Neural Network (Specific Model)	11	0.88	154421	306.50462032944955	5193019	0.51	4978	143	397546	None
SAMN08289303	100.0	0.19	Neural Network (Specific Model)	11	0.873	97568	300.42523900573616	5387269	0.51	5230	241	272651	None
SAMN08289312	100.0	0.29	Neural Network (Specific Model)	11	0.877	99605	302.60380057212916	5055347	0.51	4894	221	579134	None
SAMN08289315	100.0	0.06	Neural Network (Specific Model)	11	0.867	48849	292.2399918715708	4969259	0.51	4921	316	200632	None
SAMN08347846	100.0	0.12	Neural Network (Specific Model)	11	0.878	67666	298.07282913165267	5079987	0.51	4998	209	233343	None
SAMN08362293	100.0	1.07	Neural Network (Specific Model)	11	0.878	204045	308.9058618435389	4834621	0.51	4589	118	411502	None
SAMN08362363	100.0	0.1	Neural Network (Specific Model)	11	0.882	116213	317.24484963296237	4550336	0.51	4223	92	320387	None
SAMN08362365	100.0	0.17	Neural Network (Specific Model)	11	0.879	147088	309.1307189542484	4996891	0.51	4743	165	376134	None
SAMN08362366	100.0	0.06	Neural Network (Specific Model)	11	0.883	232901	309.5321933713321	4971721	0.51	4737	147	547743	None
SAMN08380139	100.0	0.12	Neural Network (Specific Model)	11	0.875	134788	305.14044715447153	5136421	0.51	4920	202	318762	None
SAMN08380141	100.0	0.05	Neural Network (Specific Model)	11	0.876	104414	306.2331402565163	5058861	0.51	4834	195	276035	None
SAMN08380144	100.0	0.16	Neural Network (Specific Model)	11	0.871	89271	297.4528228924981	5291971	0.51	5172	245	224137	None
SAMN08387162	100.0	0.01	Neural Network (Specific Model)	11	0.877	147689	305.58204798628964	4870234	0.51	4668	128	467456	None
SAMN08387164	100.0	0.42	Neural Network (Specific Model)	11	0.874	102521	301.86041666666665	4962130	0.51	4800	148	285468	None
SAMN08387166	100.0	0.14	Neural Network (Specific Model)	11	0.878	226236	305.70543276182605	5048099	0.51	4841	168	458174	None
SAMN08472602	100.0	0.06	Neural Network (Specific Model)	11	0.877	112729	310.10937169452086	5006257	0.51	4727	153	317762	None
SAMN08472603	100.0	0.33	Neural Network (Specific Model)	11	0.873	162712	305.95185110256926	5188278	0.51	4943	167	385017	None
SAMN08472605	100.0	0.05	Neural Network (Specific Model)	11	0.879	166967	302.8723874598071	5136655	0.51	4976	121	349727	None
SAMN08472612	100.0	0.25	Neural Network (Specific Model)	11	0.873	94950	298.2084432717678	4654532	0.51	4548	198	322012	None
SAMN08500545	100.0	0.15	Neural Network (Specific Model)	11	0.873	94608	302.538823048631	5080136	0.51	4894	183	465279	None
SAMN08500546	100.0	1.77	Neural Network (Specific Model)	11	0.883	343709	311.388743718593	5252129	0.51	4975	57	966101	None
SAMN08522362	100.0	0.57	Neural Network (Specific Model)	11	0.874	84179	303.8580907534247	4862859	0.51	4672	178	284719	None
SAMN08522365	100.0	0.21	Neural Network (Specific Model)	11	0.874	93735	303.6079656384225	5325717	0.51	5122	211	312026	None
SAMN08581714	100.0	0.15	Neural Network (Specific Model)	11	0.876	131813	309.30131004366814	5087076	0.51	4809	173	346569	None
SAMN08581720	100.0	0.13	Neural Network (Specific Model)	11	0.88	120059	305.63790322580644	5162412	0.51	4960	196	281886	None
SAMN08581898	100.0	0.03	Neural Network (Specific Model)	11	0.876	103827	311.4408071748879	4750866	0.51	4460	153	316349	None
SAMN08581899	100.0	0.14	Neural Network (Specific Model)	11	0.878	140214	306.49354640442533	5101135	0.51	4881	117	386219	None
SAMN08624227	100.0	0.25	Neural Network (Specific Model)	11	0.88	152731	308.30857629282826	4927922	0.51	4699	107	538902	None
SAMN08714144	100.0	0.36	Neural Network (Specific Model)	11	0.878	140193	309.2139917695473	4868852	0.51	4617	115	323936	None
SAMN08719150	100.0	0.81	Neural Network (Specific Model)	11	0.868	92370	279.24841797825735	5934472	0.5	6163	449	209206	None
SAMN08719212	100.0	0.18	Neural Network (Specific Model)	11	0.882	139926	308.1654301183076	5214966	0.5	4987	150	407192	None
SAMN08719220	100.0	0.02	Neural Network (Specific Model)	11	0.877	94040	307.7146022601374	4741269	0.51	4513	147	253094	None
SAMN08851681	100.0	0.08	Neural Network (Specific Model)	11	0.881	177513	305.8762064624423	4958347	0.51	4766	195	292967	None
SAMN08851692	100.0	0.61	Neural Network (Specific Model)	11	0.876	87440	295.1259827420901	5264051	0.51	5215	182	263678	None
SAMN08863899	100.0	0.26	Neural Network (Specific Model)	11	0.881	388764	312.2399512789281	5226506	0.5	4926	74	770073	None
SAMN08863902	100.0	0.08	Neural Network (Specific Model)	11	0.877	145782	308.51147267417605	5052634	0.51	4794	138	388988	None
SAMN08863903	100.0	0.16	Neural Network (Specific Model)	11	0.88	129509	309.5426700464723	4989765	0.51	4734	131	345313	None
SAMN08863906	100.0	0.58	Neural Network (Specific Model)	11	0.878	254520	303.36256961018296	5202909	0.5	5028	146	431045	None
SAMN08909983	100.0	0.12	Neural Network (Specific Model)	11	0.879	230413	316.19720337240386	5237831	0.51	4863	125	618106	None
SAMN08910000	100.0	0.16	Neural Network (Specific Model)	11	0.882	97448	306.3263745349318	5034497	0.51	4838	160	358347	None
SAMN08937778	100.0	0.1	Neural Network (Specific Model)	11	0.869	93561	302.5101789019124	5068579	0.51	4863	185	324299	None
SAMN08937782	100.0	0.19	Neural Network (Specific Model)	11	0.88	122406	314.51920018177685	4710664	0.51	4401	122	442698	None
SAMN09013468	100.0	0.23	Neural Network (Specific Model)	11	0.874	105253	302.884509429964	4894177	0.51	4719	165	303317	None
SAMN09013475	100.0	0.11	Neural Network (Specific Model)	11	0.881	86606	309.2082714740191	4956845	0.51	4715	176	218775	None
SAMN09013571	100.0	0.14	Neural Network (Specific Model)	11	0.876	150223	308.16312056737587	5051435	0.51	4794	128	379270	None
SAMN09013578	100.0	0.1	Neural Network (Specific Model)	11	0.877	145215	308.51105810928016	4855881	0.5	4612	79	411862	None
SAMN09098779	100.0	0.1	Neural Network (Specific Model)	11	0.885	149094	314.56652456809513	4746228	0.51	4457	101	367261	None
SAMN09098787	100.0	0.1	Neural Network (Specific Model)	11	0.879	105438	310.36154008885126	5001076	0.51	4727	150	314851	None
SAMN09098792	100.0	0.08	Neural Network (Specific Model)	11	0.88	97957	306.0803329864724	5006422	0.51	4805	155	295058	None
SAMN09098794	100.0	0.07	Neural Network (Specific Model)	11	0.881	93608	309.0050240736864	5018626	0.51	4777	165	279112	None
SAMN09233724	100.0	0.33	Neural Network (Specific Model)	11	0.881	49780	310.57050592034443	4904931	0.51	4645	232	201419	None
SAMN09242904	100.0	0.33	Neural Network (Specific Model)	11	0.877	38474	296.11576307158015	5236238	0.5	5183	369	108614	None
SAMN09343322	100.0	0.12	Neural Network (Specific Model)	11	0.878	106067	309.5499580184719	5028763	0.51	4764	159	472223	None
SAMN09343330	100.0	0.0	Neural Network (Specific Model)	11	0.88	204098	314.50983940285005	4730470	0.51	4421	79	612867	None
SAMN09343332	100.0	0.03	Neural Network (Specific Model)	11	0.88	132552	306.56710694503624	4897366	0.51	4694	148	343475	None
SAMN09386341	100.0	0.23	Neural Network (Specific Model)	11	0.881	304527	312.21753653444677	5086980	0.51	4790	106	631900	None
SAMN09386342	100.0	0.2	Neural Network (Specific Model)	11	0.877	111954	306.49610115911486	4966805	0.51	4745	149	406915	None
SAMN09462543	100.0	0.23	Neural Network (Specific Model)	11	0.871	83090	300.06742231776434	5277793	0.51	5117	228	240250	None
SAMN09489518	100.0	0.46	Neural Network (Specific Model)	11	0.875	68132	294.53972850678736	5569746	0.51	5525	287	223533	None
SAMN09489590	100.0	0.51	Neural Network (Specific Model)	11	0.878	101290	305.9522120200334	5000107	0.51	4792	160	422884	None
SAMN09521751	100.0	0.15	Neural Network (Specific Model)	11	0.882	192704	309.870830677714	4950319	0.51	4707	122	520966	None
SAMN09521755	100.0	0.23	Neural Network (Specific Model)	11	0.886	209972	321.44169453734673	4875939	0.51	4485	62	331676	None
SAMN09545009	100.0	0.05	Neural Network (Specific Model)	11	0.879	112159	312.14328873543377	4927184	0.51	4634	157	388027	None
SAMN09624590	100.0	0.16	Neural Network (Specific Model)	11	0.882	149380	318.269175797999	4538445	0.51	4198	90	378252	None
SAMN09666294	100.0	0.08	Neural Network (Specific Model)	11	0.881	210560	308.5840493500771	4764055	0.51	4539	92	385163	None
SAMN09693146	100.0	0.23	Neural Network (Specific Model)	11	0.883	143537	313.2865617157198	4658637	0.51	4383	97	535143	None
SAMN09726415	100.0	0.62	Neural Network (Specific Model)	11	0.878	184680	303.2339192582577	5352587	0.51	5177	169	479998	None
SAMN09727445	100.0	0.34	Neural Network (Specific Model)	11	0.883	158338	310.6627930682977	5167059	0.51	4905	192	334556	None
SAMN09756540	100.0	0.22	Neural Network (Specific Model)	11	0.883	128955	309.35378821444397	4738204	0.51	4514	121	347188	None
SAMN09784432	100.0	0.12	Neural Network (Specific Model)	11	0.878	117459	305.4462365591398	5231946	0.51	5022	208	619511	None
SAMN09784437	100.0	0.03	Neural Network (Specific Model)	11	0.882	121497	308.9968710888611	5030874	0.51	4794	129	689203	None
SAMN09828464	100.0	0.08	Neural Network (Specific Model)	11	0.878	126833	309.8236819360415	4892379	0.51	4628	129	303078	None
SAMN09828468	100.0	0.06	Neural Network (Specific Model)	11	0.877	71343	303.77356937011115	5040545	0.51	4858	283	271783	None
SAMN09849953	100.0	0.08	Neural Network (Specific Model)	11	0.881	134671	309.39838606922916	4955167	0.51	4709	148	314084	None
SAMN09849954	100.0	0.12	Neural Network (Specific Model)	11	0.878	131561	313.56671762393535	4899583	0.51	4579	106	276035	None
SAMN09849957	100.0	0.14	Neural Network (Specific Model)	11	0.874	76765	292.85201009904836	5168926	0.51	5149	297	307452	None
SAMN09954442	100.0	0.25	Neural Network (Specific Model)	11	0.875	80732	292.39099228422754	5575623	0.51	5573	288	234360	None
SAMN09980185	100.0	0.17	Neural Network (Specific Model)	11	0.88	208944	305.21524844095757	5165656	0.51	4971	140	405600	None
SAMN10078820	100.0	0.07	Neural Network (Specific Model)	11	0.881	119165	309.1876196553925	4942349	0.51	4701	193	349117	None
SAMN10118357	100.0	0.61	Neural Network (Specific Model)	11	0.879	76573	310.3946208112875	4795199	0.51	4536	147	185966	None
SAMN10142502	100.0	0.07	Neural Network (Specific Model)	11	0.879	116438	310.0952914798206	4710572	0.51	4460	128	311774	None
SAMN10220971	100.0	0.0	Neural Network (Specific Model)	11	0.877	63104	304.634161237785	5108299	0.51	4912	221	219773	None
SAMN10220972	100.0	0.3	Neural Network (Specific Model)	11	0.878	90954	296.77493713327743	4830777	0.51	4772	208	228119	None
SAMN10220982	100.0	0.15	Neural Network (Specific Model)	11	0.885	195375	313.6083072800357	4752326	0.51	4478	88	703079	None
SAMN10221013	100.0	0.35	Neural Network (Specific Model)	11	0.885	135070	304.0254752106604	5250832	0.51	5103	157	220095	None
SAMN10221025	100.0	0.1	Neural Network (Specific Model)	11	0.879	117647	308.37782160859086	4792141	0.51	4563	151	610136	None
SAMN10221044	100.0	0.17	Neural Network (Specific Model)	11	0.875	86770	304.59267879813797	4925254	0.51	4726	263	189222	None
SAMN10221088	100.0	0.11	Neural Network (Specific Model)	11	0.879	136019	300.9099563665212	5167114	0.51	5042	220	369511	None
SAMN10221132	100.0	1.27	Neural Network (Specific Model)	11	0.879	227736	306.4189374632425	5326543	0.5	5101	150	526305	None
SAMN10221155	100.0	0.27	Neural Network (Specific Model)	11	0.883	174898	311.1148853310255	4880163	0.51	4622	89	354649	None
SAMN10221205	100.0	0.3	Neural Network (Specific Model)	11	0.879	51512	303.9248518204911	4889479	0.51	4724	247	200267	None
SAMN10221246	100.0	0.69	Neural Network (Specific Model)	11	0.882	101134	306.8528662420382	4909350	0.51	4710	151	368794	None
SAMN10221258	100.0	0.13	Neural Network (Specific Model)	11	0.879	167267	308.53341687552216	5032633	0.51	4788	92	409972	None
SAMN10221316	100.0	0.08	Neural Network (Specific Model)	11	0.878	144786	307.35805573014875	5004171	0.51	4773	181	380160	None
SAMN10221388	100.0	0.3	Neural Network (Specific Model)	11	0.878	86458	303.71642736486484	4904341	0.51	4736	203	323693	None
SAMN10221391	100.0	0.13	Neural Network (Specific Model)	11	0.877	136303	307.2875962707742	5176350	0.51	4934	142	330424	None
SAMN10221396	100.0	0.06	Neural Network (Specific Model)	11	0.881	236091	314.7603360601371	4839263	0.51	4523	66	521645	None
SAMN10221403	100.0	0.08	Neural Network (Specific Model)	11	0.88	111956	307.1639684516397	5035901	0.51	4818	179	271954	None
SAMN10221408	100.0	0.01	Neural Network (Specific Model)	11	0.881	207690	313.2464695498676	4825799	0.51	4532	75	578578	None
SAMN10221429	100.0	0.17	Neural Network (Specific Model)	11	0.879	122334	308.2616339193382	5075267	0.51	4835	139	279951	None
SAMN10221447	100.0	0.11	Neural Network (Specific Model)	11	0.874	144866	305.6411042944785	5120414	0.51	4890	161	415506	None
SAMN10221454	100.0	0.13	Neural Network (Specific Model)	11	0.885	37557	299.1954933008526	4984793	0.51	4926	362	127709	None
SAMN10221467	100.0	0.21	Neural Network (Specific Model)	11	0.883	127085	305.27552742616035	4909335	0.51	4740	131	357106	None
SAMN10221593	100.0	0.62	Neural Network (Specific Model)	11	0.881	201582	309.0739896373057	5069213	0.51	4825	80	484385	None
SAMN10221597	100.0	0.02	Neural Network (Specific Model)	11	0.879	188844	310.77396657871594	4815926	0.51	4548	80	410510	None
SAMN10221613	100.0	0.12	Neural Network (Specific Model)	11	0.879	127082	306.59540418547397	5091632	0.51	4874	163	584321	None
SAMN10221620	100.0	0.71	Neural Network (Specific Model)	11	0.881	194104	302.77380254154446	5264454	0.5	5115	99	870606	None
SAMN10221625	100.0	0.41	Neural Network (Specific Model)	11	0.883	175256	309.8602848764139	5016179	0.51	4774	89	353155	None
SAMN10221662	100.0	0.13	Neural Network (Specific Model)	11	0.88	112160	304.32712821585443	4949026	0.51	4781	174	232891	None
SAMN10221663	100.0	0.05	Neural Network (Specific Model)	11	0.871	62225	297.73298948621306	5158812	0.51	5041	287	184555	None
SAMN10221665	100.0	0.2	Neural Network (Specific Model)	11	0.878	142897	303.73892631149215	5077876	0.5	4899	156	392259	None
SAMN10221666	100.0	0.36	Neural Network (Specific Model)	11	0.872	95827	296.8055613197759	4910106	0.51	4819	315	325858	None
SAMN10221667	100.0	0.18	Neural Network (Specific Model)	11	0.877	160726	308.4143821172501	4994768	0.5	4742	159	303066	None
SAMN10221670	100.0	0.1	Neural Network (Specific Model)	11	0.885	196838	313.69676397374974	4692284	0.51	4419	107	426312	None
SAMN07781711	100.0	0.01	Neural Network (Specific Model)	11	0.874	136345	289.34898830517915	5337810	0.5	5387	400	365934	None
SAMN07781717	100.0	0.01	Neural Network (Specific Model)	11	0.876	136053	291.9196764484575	5307133	0.5	5316	333	367383	None
SAMN07781721	100.0	0.2	Neural Network (Specific Model)	11	0.87	57252	288.4507862550961	5111222	0.51	5151	367	162822	None
SAMN07839410	100.0	0.1	Neural Network (Specific Model)	11	0.885	134708	311.1786643538595	4855935	0.51	4612	119	301364	None
SAMN08146192	100.0	0.08	Neural Network (Specific Model)	11	0.878	136019	307.4290772755676	5037359	0.51	4801	175	365742	None
SAMN08146194	100.0	0.13	Neural Network (Specific Model)	11	0.878	117273	304.6663246460086	5063440	0.51	4873	202	397577	None
SAMN08146204	100.0	1.1	Neural Network (Specific Model)	11	0.88	174342	312.3440573770492	5188586	0.51	4880	112	458610	None
SAMN08146264	100.0	0.53	Neural Network (Specific Model)	11	0.88	133620	314.58354430379745	5075103	0.51	4740	109	398630	None
SAMN08146294	100.0	0.16	Neural Network (Specific Model)	11	0.879	111955	307.40986003760185	5015172	0.51	4787	186	239177	None
SAMN08146305	100.0	0.14	Neural Network (Specific Model)	11	0.878	125842	309.98942032179855	4795968	0.51	4537	106	378977	None
SAMN08146308	100.0	1.07	Neural Network (Specific Model)	11	0.874	121174	296.84967682363805	5510090	0.5	5415	203	367855	None
SAMN08226272	100.0	0.36	Neural Network (Specific Model)	11	0.875	96579	304.4339318135969	5167951	0.51	4957	211	239056	None
SAMN08272748	100.0	0.0	Neural Network (Specific Model)	11	0.867	42528	291.26270824434005	4708310	0.51	4682	422	135260	None
SAMN08289299	100.0	0.12	Neural Network (Specific Model)	11	0.877	169755	306.2142112940196	5016020	0.51	4799	108	394664	None
SAMN08289314	100.0	1.19	Neural Network (Specific Model)	11	0.882	216680	313.60717991284497	5131660	0.51	4819	83	475913	None
SAMN08347847	100.0	0.39	Neural Network (Specific Model)	11	0.876	60549	295.0090729783037	5110366	0.5	5070	288	352000	None
SAMN08347848	100.0	0.17	Neural Network (Specific Model)	11	0.885	117699	308.39516129032256	4786991	0.51	4588	123	358886	None
SAMN08347853	100.0	0.4	Neural Network (Specific Model)	11	0.877	60275	302.4018470790378	4809983	0.51	4656	206	266536	None
SAMN08347856	100.0	0.42	Neural Network (Specific Model)	11	0.876	75497	296.98673237300983	5357289	0.5	5276	254	248373	None
SAMN08347869	100.0	0.17	Neural Network (Specific Model)	11	0.885	269098	315.794718153573	4817357	0.51	4506	101	523339	None
SAMN08347873	100.0	0.04	Neural Network (Specific Model)	11	0.88	134137	312.39744155271285	4819488	0.51	4534	131	502469	None
SAMN08347874	100.0	0.09	Neural Network (Specific Model)	11	0.881	128725	310.2998477929985	4852817	0.51	4599	130	311178	None
SAMN08362333	100.0	0.26	Neural Network (Specific Model)	11	0.876	138415	303.8903404592241	5249633	0.5	5052	131	397632	None
SAMN08362335	100.0	0.08	Neural Network (Specific Model)	11	0.879	99892	305.70646568821894	5251655	0.51	5042	209	261593	None
SAMN08380136	100.0	0.29	Neural Network (Specific Model)	11	0.873	141378	306.6297968397291	5123082	0.51	4873	158	330362	None
SAMN08387158	100.0	0.09	Neural Network (Specific Model)	11	0.88	166433	313.5396500795274	4697754	0.51	4401	97	364554	None
SAMN08387163	100.0	0.07	Neural Network (Specific Model)	11	0.88	189003	310.93696915511845	4734665	0.51	4474	98	403255	None
SAMN08472609	100.0	0.47	Neural Network (Specific Model)	11	0.88	248203	311.138783269962	5012890	0.51	4734	85	583361	None
SAMN08500551	100.0	0.27	Neural Network (Specific Model)	11	0.884	126715	312.3936612021858	4841164	0.51	4575	108	438718	None
SAMN08522363	100.0	0.16	Neural Network (Specific Model)	11	0.879	103882	311.87979207277453	4903781	0.51	4617	145	358931	None
SAMN08522364	100.0	0.16	Neural Network (Specific Model)	11	0.877	121525	304.0145660530043	5132170	0.51	4943	118	394323	None
SAMN08522366	100.0	0.06	Neural Network (Specific Model)	11	0.88	138179	311.6831248628484	4835078	0.51	4557	130	472596	None
SAMN08581897	100.0	0.09	Neural Network (Specific Model)	11	0.877	123878	307.8166089965398	5163426	0.51	4913	140	343108	None
SAMN08624234	100.0	0.08	Neural Network (Specific Model)	11	0.875	120421	310.3903262092239	4723319	0.51	4445	158	237509	None
SAMN08624236	100.0	0.31	Neural Network (Specific Model)	11	0.88	128787	304.87342295760084	5017637	0.51	4835	165	374169	None
SAMN08631246	100.0	0.05	Neural Network (Specific Model)	11	0.881	109419	305.8310061601643	5064108	0.51	4870	192	332975	None
SAMN08631251	100.0	0.25	Neural Network (Specific Model)	11	0.876	84414	304.0150457915395	4764586	0.51	4586	171	169498	None
SAMN08631252	100.0	0.19	Neural Network (Specific Model)	11	0.879	172981	309.5754300838112	4784389	0.51	4534	171	420277	None
SAMN08631254	100.0	0.1	Neural Network (Specific Model)	11	0.879	98175	310.04924644449164	4978383	0.51	4711	166	288521	None
SAMN08714135	100.0	0.31	Neural Network (Specific Model)	11	0.877	68297	299.0026406662604	5026241	0.51	4923	268	202410	None
SAMN08714137	100.0	0.09	Neural Network (Specific Model)	11	0.878	198178	309.1804287836977	4967895	0.51	4711	132	459154	None
SAMN08719144	100.0	0.08	Neural Network (Specific Model)	11	0.877	109234	303.1545206547155	5312095	0.51	5132	167	391598	None
SAMN08719153	100.0	0.34	Neural Network (Specific Model)	11	0.873	99303	304.2853167808219	4878928	0.51	4672	156	258734	None
SAMN08719214	100.0	0.12	Neural Network (Specific Model)	11	0.879	58903	304.2074736359468	4520918	0.51	4362	189	232221	None
SAMN08719215	100.0	0.23	Neural Network (Specific Model)	11	0.879	105286	303.1369070574624	5354939	0.51	5186	213	373237	None
SAMN08767334	100.0	0.05	Neural Network (Specific Model)	11	0.878	103342	310.1741728922092	4957610	0.51	4685	165	297715	None
SAMN08851683	100.0	0.1	Neural Network (Specific Model)	11	0.873	60406	295.7939105613701	5332857	0.5	5255	262	166479	None
SAMN08851686	100.0	0.06	Neural Network (Specific Model)	11	0.877	82801	305.7553348827382	4940464	0.51	4733	203	224829	None
SAMN08851689	100.0	0.14	Neural Network (Specific Model)	11	0.878	210611	307.01957585644374	5136660	0.51	4904	165	383196	None
SAMN08851693	100.0	0.01	Neural Network (Specific Model)	11	0.879	185813	305.70114239086087	5107209	0.51	4902	170	357293	None
SAMN08863905	100.0	0.58	Neural Network (Specific Model)	11	0.88	150733	313.1028484453142	4899919	0.51	4599	122	593757	None
SAMN08899176	100.0	0.1	Neural Network (Specific Model)	11	0.884	126048	309.7486164325245	4930421	0.51	4698	120	580353	None
SAMN08909989	100.0	0.15	Neural Network (Specific Model)	11	0.883	247358	312.4595678324794	4759045	0.51	4489	92	520209	None
SAMN08909999	100.0	0.14	Neural Network (Specific Model)	11	0.881	213867	312.45423871784055	5038871	0.51	4742	81	399986	None
SAMN08930677	100.0	0.31	Neural Network (Specific Model)	11	0.872	92739	303.2536997885835	5416998	0.5	5203	203	423819	None
SAMN08930678	100.0	0.1	Neural Network (Specific Model)	11	0.879	97867	309.9738711895485	4608738	0.51	4363	145	270605	None
SAMN08930680	100.0	0.1	Neural Network (Specific Model)	11	0.879	109217	310.48253833049404	4970091	0.51	4696	143	426341	None
SAMN08930682	100.0	0.39	Neural Network (Specific Model)	11	0.876	115061	313.51027397260276	4695532	0.51	4380	134	382730	None
SAMN08937776	100.0	0.11	Neural Network (Specific Model)	11	0.879	251277	307.2432101286502	5124586	0.51	4897	122	735221	None
SAMN08937783	100.0	0.11	Neural Network (Specific Model)	11	0.882	154084	308.5235711305799	5022467	0.51	4794	92	752087	None
SAMN08937784	100.0	0.82	Neural Network (Specific Model)	11	0.883	302685	309.80399659863946	4944774	0.51	4704	73	710655	None
SAMN08937785	100.0	0.12	Neural Network (Specific Model)	11	0.88	318795	309.1465358675659	5147626	0.51	4893	101	629285	None
SAMN08963946	100.0	0.1	Neural Network (Specific Model)	11	0.883	156870	314.04424972617744	4862941	0.51	4565	85	517600	None
SAMN09002909	100.0	0.2	Neural Network (Specific Model)	11	0.875	93176	302.88006322861094	5245011	0.51	5061	215	266201	None
SAMN09002910	100.0	0.02	Neural Network (Specific Model)	11	0.88	84768	310.3148401826484	4627098	0.51	4380	147	201867	None
SAMN09002912	100.0	0.18	Neural Network (Specific Model)	11	0.877	112115	307.88382385483516	4754306	0.51	4519	186	366093	None
SAMN09002913	100.0	0.18	Neural Network (Specific Model)	11	0.876	67977	303.03239024390246	5307726	0.51	5125	242	248051	None
SAMN09013465	100.0	0.26	Neural Network (Specific Model)	11	0.877	111694	300.36542239685656	5218219	0.51	5090	192	250117	None
SAMN09013471	100.0	0.09	Neural Network (Specific Model)	11	0.878	105101	310.98290223586145	4837403	0.51	4562	129	364553	None
SAMN09013472	100.0	0.85	Neural Network (Specific Model)	11	0.874	93134	304.9148800679261	4921881	0.5	4711	176	219979	None
SAMN09013511	100.0	0.75	Neural Network (Specific Model)	11	0.881	340722	306.80356435643563	5263562	0.51	5050	93	661133	None
SAMN09013512	100.0	0.1	Neural Network (Specific Model)	11	0.882	188300	306.1839916839917	4999670	0.51	4810	140	365569	None
SAMN09013519	100.0	0.09	Neural Network (Specific Model)	11	0.884	156758	309.78680727874274	5076531	0.51	4836	117	306848	None
SAMN09013572	100.0	0.06	Neural Network (Specific Model)	11	0.882	130011	309.92506193228735	5096888	0.51	4844	116	303422	None
SAMN09098782	100.0	0.09	Neural Network (Specific Model)	11	0.883	131021	312.6406787434075	4623828	0.51	4361	94	389305	None
SAMN09098797	100.0	0.08	Neural Network (Specific Model)	11	0.879	86281	312.0066225165563	4818542	0.51	4530	142	251697	None
SAMN09195612	100.0	0.1	Neural Network (Specific Model)	11	0.875	108618	307.9183368869936	4944765	0.51	4690	97	319159	None
SAMN09195623	100.0	0.32	Neural Network (Specific Model)	11	0.88	325295	305.6082304526749	5056718	0.51	4860	145	626331	None
SAMN09195624	100.0	0.14	Neural Network (Specific Model)	11	0.88	154786	298.62485391507596	5217877	0.51	5134	172	610827	None
SAMN09195626	100.0	0.09	Neural Network (Specific Model)	11	0.875	115535	305.55042553191487	4913743	0.51	4700	142	340489	None
SAMN09195627	100.0	0.12	Neural Network (Specific Model)	11	0.881	202749	309.4698	5258352	0.5	5000	127	694466	None
SAMN09233719	100.0	0.1	Neural Network (Specific Model)	11	0.883	37392	308.4295158882491	4905257	0.51	4689	280	128323	None
SAMN09233722	100.0	0.2	Neural Network (Specific Model)	11	0.874	57766	295.595951577694	5105546	0.51	5039	301	198474	None
SAMN09233726	100.0	1.23	Neural Network (Specific Model)	11	0.883	56288	306.7770575525437	5299029	0.51	5091	240	198644	None
SAMN09242588	100.0	0.07	Neural Network (Specific Model)	11	0.872	57575	285.70510018214935	5385256	0.5	5490	564	227355	None
SAMN09242595	100.0	0.04	Neural Network (Specific Model)	11	0.872	91496	287.6126605504587	5380839	0.5	5450	471	557946	None
SAMN09242600	100.0	0.03	Neural Network (Specific Model)	11	0.872	91783	285.83927921368763	5391303	0.5	5494	511	382826	None
SAMN09242612	100.0	0.36	Neural Network (Specific Model)	11	0.881	384777	305.1261083743842	5264453	0.5	5075	164	838444	None
SAMN09242616	100.0	0.03	Neural Network (Specific Model)	11	0.872	116133	291.4045716409589	5384383	0.5	5381	336	604487	None
SAMN09242644	100.0	0.03	Neural Network (Specific Model)	11	0.872	78431	289.84761549925486	5340563	0.5	5368	429	251663	None
SAMN09242645	100.0	0.04	Neural Network (Specific Model)	11	0.873	108920	288.61579627237495	5366696	0.5	5419	455	259041	None
SAMN09242649	100.0	0.07	Neural Network (Specific Model)	11	0.874	110148	291.1879478228918	5430109	0.5	5443	349	391639	None
SAMN09242911	100.0	0.03	Neural Network (Specific Model)	11	0.873	116132	292.22367438386857	5370770	0.5	5356	323	604233	None
SAMN09267081	100.0	0.07	Neural Network (Specific Model)	11	0.88	62236	307.518968456948	4909619	0.51	4692	254	216141	None
SAMN09267083	100.0	0.29	Neural Network (Specific Model)	11	0.881	45238	300.1627674465107	5102251	0.51	5001	363	128812	None
SAMN09343321	100.0	0.19	Neural Network (Specific Model)	11	0.88	113253	302.21044045676996	5046421	0.51	4904	167	348394	None
SAMN09343325	100.0	0.11	Neural Network (Specific Model)	11	0.881	101017	313.1961794376476	4962184	0.51	4659	148	352234	None
SAMN09343327	100.0	0.07	Neural Network (Specific Model)	11	0.878	204804	308.18845245760895	4899679	0.51	4659	143	428064	None
SAMN09343328	100.0	0.2	Neural Network (Specific Model)	11	0.879	177295	311.4935036812473	4900637	0.51	4618	117	357206	None
SAMN09343329	100.0	0.27	Neural Network (Specific Model)	11	0.88	111949	308.7718446601942	4547441	0.51	4326	122	245091	None
SAMN09386340	100.0	0.19	Neural Network (Specific Model)	11	0.886	165980	314.80370201096895	4655206	0.51	4376	87	574428	None
SAMN09386374	100.0	0.08	Neural Network (Specific Model)	11	0.878	162455	312.3290833150143	4847596	0.51	4549	93	383434	None
SAMN09444056	100.0	0.33	Neural Network (Specific Model)	11	0.877	87203	310.46949113516	4603082	0.51	4343	133	265599	None
SAMN09444062	100.0	0.11	Neural Network (Specific Model)	11	0.881	81975	307.38928804702806	4800278	0.51	4593	171	400918	None
SAMN09444063	100.0	0.14	Neural Network (Specific Model)	11	0.88	153197	306.6190956802584	5171368	0.51	4954	174	379581	None
SAMN09444067	100.0	0.12	Neural Network (Specific Model)	11	0.876	89867	307.50718768981574	5192469	0.51	4939	200	288509	None
SAMN09444069	100.0	0.25	Neural Network (Specific Model)	11	0.875	193445	308.2214963119073	5004810	0.51	4745	114	589650	None
SAMN09444070	100.0	0.09	Neural Network (Specific Model)	11	0.88	172815	313.3324835351604	5021573	0.51	4707	96	446648	None
SAMN09444071	100.0	0.18	Neural Network (Specific Model)	11	0.882	119133	296.529203539823	5121055	0.51	5085	194	338415	None
SAMN09462545	100.0	0.38	Neural Network (Specific Model)	11	0.885	302145	320.68821374703725	5036491	0.51	4641	68	653357	None
SAMN09462575	100.0	0.19	Neural Network (Specific Model)	11	0.877	82451	307.6579525483304	4781560	0.51	4552	167	222793	None
SAMN09462576	100.0	0.13	Neural Network (Specific Model)	11	0.882	143685	308.0969609261939	5058847	0.51	4837	166	338132	None
SAMN09462577	100.0	0.12	Neural Network (Specific Model)	11	0.877	90945	300.44473161033795	5162759	0.51	5030	210	284128	None
SAMN09462582	100.0	0.0	Neural Network (Specific Model)	11	0.878	102919	309.67555555555555	4754903	0.51	4500	136	245944	None
SAMN09462583	100.0	0.11	Neural Network (Specific Model)	11	0.876	90516	312.35042543663235	4771017	0.51	4466	145	220431	None
SAMN09462584	100.0	0.12	Neural Network (Specific Model)	11	0.882	110604	309.50949159938904	4814373	0.51	4583	136	325807	None
SAMN09462586	100.0	0.02	Neural Network (Specific Model)	11	0.878	67126	310.07120253164555	4678701	0.51	4424	158	153421	None
SAMN09489333	100.0	0.06	Neural Network (Specific Model)	11	0.884	94234	315.11898791885113	4684787	0.51	4387	100	437903	None
SAMN09489515	100.0	0.17	Neural Network (Specific Model)	11	0.88	96396	307.3271359933152	5009093	0.51	4787	155	318691	None
SAMN09489517	100.0	0.04	Neural Network (Specific Model)	11	0.878	127923	310.10263864042935	4729655	0.51	4472	112	274201	None
SAMN09489521	100.0	0.13	Neural Network (Specific Model)	11	0.881	107590	313.5107549557149	5055116	0.51	4742	134	315048	None
SAMN09489545	100.0	0.17	Neural Network (Specific Model)	11	0.885	122088	312.6173777082868	4735260	0.51	4477	113	262665	None
SAMN09489549	100.0	0.01	Neural Network (Specific Model)	11	0.879	84199	305.4323210412148	4797742	0.51	4610	174	222057	None
SAMN09489586	100.0	0.15	Neural Network (Specific Model)	11	0.88	143206	311.86531243100023	4809341	0.51	4529	98	533270	None
SAMN09521743	100.0	0.26	Neural Network (Specific Model)	11	0.88	109531	304.959511698881	5100593	0.51	4915	124	310184	None
SAMN09521748	100.0	0.18	Neural Network (Specific Model)	11	0.88	147458	309.5555101206297	5151705	0.51	4891	128	361002	None
SAMN09545002	100.0	0.19	Neural Network (Specific Model)	11	0.877	93558	301.5144440047487	5205847	0.51	5054	179	210750	None
SAMN09545008	100.0	0.06	Neural Network (Specific Model)	11	0.878	149558	306.66496054595865	4906132	0.51	4689	152	351615	None
SAMN09545063	100.0	0.11	Neural Network (Specific Model)	11	0.878	193420	308.3060924369748	5006449	0.51	4760	120	492733	None
SAMN09624583	100.0	0.49	Neural Network (Specific Model)	11	0.881	167845	314.5529699938763	5240760	0.5	4899	102	575923	None
SAMN09624588	100.0	0.34	Neural Network (Specific Model)	11	0.877	62660	302.43595646714107	4934660	0.51	4778	241	152309	None
SAMN09633444	100.0	0.1	Neural Network (Specific Model)	11	0.882	149161	311.2856830601093	4838683	0.51	4575	127	616663	None
SAMN09633452	100.0	0.09	Neural Network (Specific Model)	11	0.879	102827	309.49095937034673	4955357	0.51	4701	152	313009	None
SAMN09633453	100.0	0.39	Neural Network (Specific Model)	11	0.873	111954	304.5454178441663	5176307	0.51	4954	163	278971	None
SAMN09633454	100.0	1.34	Neural Network (Specific Model)	11	0.883	196224	310.58878127522195	5221128	0.51	4956	107	870218	None
SAMN09651204	100.0	0.52	Neural Network (Specific Model)	11	0.871	80241	295.7883707759109	5387393	0.51	5297	309	321668	None
SAMN09666291	100.0	0.16	Neural Network (Specific Model)	11	0.884	199231	309.148057758796	5149712	0.5	4917	131	432321	None
SAMN09666293	100.0	0.26	Neural Network (Specific Model)	11	0.873	77906	292.2875194401244	5159379	0.51	5144	369	262261	None
SAMN09666295	100.0	0.01	Neural Network (Specific Model)	11	0.884	87391	312.5134529147982	4719871	0.51	4460	122	257622	None
SAMN09693148	100.0	0.17	Neural Network (Specific Model)	11	0.876	126996	301.6393571148569	5263405	0.51	5102	189	425562	None
SAMN09693149	100.0	0.47	Neural Network (Specific Model)	11	0.879	87409	303.9826961770624	5149813	0.51	4970	212	254844	None
SAMN09693210	100.0	0.12	Neural Network (Specific Model)	11	0.877	87551	310.27140721759554	4961880	0.51	4683	187	287877	None
SAMN09725155	100.0	0.1	Neural Network (Specific Model)	11	0.883	350409	317.801392992824	5105334	0.51	4738	61	771822	None
SAMN09725172	100.0	0.27	Neural Network (Specific Model)	11	0.873	104197	287.7252686180067	5326847	0.5	5398	346	376965	None
SAMN09725174	100.0	0.16	Neural Network (Specific Model)	11	0.881	188480	311.9198697068404	4885529	0.51	4605	104	643326	None
SAMN09725185	100.0	0.3	Neural Network (Specific Model)	11	0.88	89861	306.23834616943657	5139058	0.51	4934	170	317961	None
SAMN09725194	100.0	0.07	Neural Network (Specific Model)	11	0.878	169243	308.9730969760167	5052331	0.51	4795	128	463237	None
SAMN09726412	100.0	0.6	Neural Network (Specific Model)	11	0.878	153502	291.2598701526584	5659198	0.5	5699	246	501153	None
SAMN09741906	100.0	0.02	Neural Network (Specific Model)	11	0.878	88271	309.0033489618218	4722882	0.51	4479	134	198110	None
SAMN09741908	100.0	0.18	Neural Network (Specific Model)	11	0.88	111794	308.48277365896206	4815615	0.51	4586	156	257858	None
SAMN09742387	100.0	0.13	Neural Network (Specific Model)	11	0.879	93912	308.8109612502676	4916920	0.51	4671	156	189634	None
SAMN09756546	100.0	0.23	Neural Network (Specific Model)	11	0.878	149203	310.95785194694054	4957317	0.5	4674	88	431000	None
SAMN09756550	100.0	0.18	Neural Network (Specific Model)	11	0.875	95338	306.11965294592414	5191879	0.51	4956	213	246857	None
SAMN09780228	100.0	0.07	Neural Network (Specific Model)	11	0.88	88411	311.96729297146834	4579319	0.51	4311	149	295959	None
SAMN09784429	100.0	0.1	Neural Network (Specific Model)	11	0.883	88864	312.30292716133425	4667407	0.51	4407	130	261762	None
SAMN09828448	100.0	0.28	Neural Network (Specific Model)	11	0.879	74381	310.8395034360452	4777650	0.51	4511	146	234400	None
SAMN09828465	100.0	0.1	Neural Network (Specific Model)	11	0.881	97279	313.58525450810316	4672333	0.51	4381	149	245278	None
SAMN09828469	100.0	0.45	Neural Network (Specific Model)	11	0.88	202509	305.48070866141734	5282890	0.51	5080	148	567337	None
SAMN09828473	100.0	0.02	Neural Network (Specific Model)	11	0.881	185734	312.58949023130475	4730130	0.51	4453	94	597733	None
SAMN09849959	100.0	0.12	Neural Network (Specific Model)	11	0.88	136083	312.4566644037113	4699365	0.51	4419	103	332244	None
SAMN09917919	100.0	0.34	Neural Network (Specific Model)	11	0.884	82854	301.16789883268484	5245807	0.51	5140	199	289386	None
SAMN09954439	100.0	0.37	Neural Network (Specific Model)	11	0.877	66963	299.83245767659076	5263468	0.5	5139	272	204317	None
SAMN09954463	100.0	0.14	Neural Network (Specific Model)	11	0.886	167535	312.13390928725704	4887521	0.51	4630	119	574345	None
SAMN09954465	100.0	0.67	Neural Network (Specific Model)	11	0.883	165048	313.10215858089333	4971281	0.51	4679	97	438466	None
SAMN09980186	100.0	0.17	Neural Network (Specific Model)	11	0.877	77522	300.0961617829137	4968171	0.51	4846	215	243737	None
SAMN09980188	100.0	0.13	Neural Network (Specific Model)	11	0.881	135471	313.3746931488507	4774223	0.51	4481	112	420230	None
SAMN09980189	100.0	0.15	Neural Network (Specific Model)	11	0.878	64470	297.7688764269978	5068480	0.51	4993	260	240977	None
SAMN09980197	100.0	0.1	Neural Network (Specific Model)	11	0.883	110611	313.80482941958354	4806706	0.51	4514	117	278715	None
SAMN09980198	100.0	0.13	Neural Network (Specific Model)	11	0.874	100278	307.3778488604558	5265488	0.51	5002	214	329383	None
SAMN09980200	100.0	0.84	Neural Network (Specific Model)	11	0.889	78046	312.175704989154	5333452	0.51	5071	162	235944	None
SAMN09980201	100.0	0.06	Neural Network (Specific Model)	11	0.879	83679	300.4767489711934	4977503	0.51	4860	173	265974	None
SAMN10034789	100.0	0.25	Neural Network (Specific Model)	11	0.882	116384	316.04062153163153	4835188	0.51	4505	113	262013	None
SAMN10034803	100.0	0.02	Neural Network (Specific Model)	11	0.875	92185	310.4278801843318	4609340	0.51	4340	142	334845	None
SAMN10057138	100.0	0.09	Neural Network (Specific Model)	11	0.873	101329	306.12290008841734	4748560	0.51	4524	131	314810	None
SAMN10057139	100.0	0.21	Neural Network (Specific Model)	11	0.881	136657	309.3884832046735	5041768	0.51	4793	141	348859	None
SAMN10057143	100.0	0.17	Neural Network (Specific Model)	11	0.882	68801	310.12276785714283	4719891	0.51	4480	142	188924	None
SAMN10097130	100.0	0.1	Neural Network (Specific Model)	11	0.879	112159	314.09160977758205	4857765	0.51	4541	140	300781	None
SAMN10142236	100.0	0.03	Neural Network (Specific Model)	11	0.883	185425	311.53819444444446	4868951	0.51	4608	100	456669	None
SAMN10142504	100.0	0.05	Neural Network (Specific Model)	11	0.878	97203	313.13737373737376	4755823	0.51	4455	113	258241	None
SAMN10142507	100.0	0.31	Neural Network (Specific Model)	11	0.879	115187	311.21289485071395	4901577	0.51	4622	137	271269	None
SAMN10220963	100.0	0.12	Neural Network (Specific Model)	11	0.874	92802	304.57342657342656	5072380	0.51	4862	186	347456	None
SAMN10220966	100.0	0.18	Neural Network (Specific Model)	11	0.875	162266	303.4568611339359	5056447	0.5	4868	123	444316	None
SAMN10220969	100.0	0.1	Neural Network (Specific Model)	11	0.878	97585	295.8612739351309	5164258	0.51	5118	276	339887	None
SAMN10220973	100.0	0.24	Neural Network (Specific Model)	11	0.87	98188	302.7329727564103	5199735	0.51	4992	249	247848	None
SAMN10220977	100.0	1.17	Neural Network (Specific Model)	11	0.878	281230	306.9580910366954	5219275	0.5	4987	124	402430	None
SAMN10220980	100.0	1.09	Neural Network (Specific Model)	11	0.879	281361	308.76578039374874	5181598	0.51	4927	115	632041	None
SAMN10220981	100.0	0.09	Neural Network (Specific Model)	11	0.873	126573	303.79486652977414	5073063	0.5	4870	221	438154	None
SAMN10220984	100.0	0.09	Neural Network (Specific Model)	11	0.879	140524	308.59827622451127	4999801	0.51	4757	143	542101	None
SAMN10220987	100.0	0.87	Neural Network (Specific Model)	11	0.87	87148	288.58006644518275	5980679	0.51	6020	459	332302	None
SAMN10221005	100.0	0.59	Neural Network (Specific Model)	11	0.878	120606	305.71235365361326	5167927	0.51	4954	128	328781	None
SAMN10221020	100.0	0.09	Neural Network (Specific Model)	11	0.878	211069	310.77240303165405	4757915	0.51	4486	108	478797	None
SAMN10221046	100.0	0.1	Neural Network (Specific Model)	11	0.879	87605	309.9528281750267	4948737	0.51	4685	185	258444	None
SAMN10221083	100.0	0.87	Neural Network (Specific Model)	11	0.878	194104	310.3619514273541	4969910	0.5	4694	131	374401	None
SAMN10221092	100.0	0.9	Neural Network (Specific Model)	11	0.883	720735	311.68474646716544	5085574	0.5	4812	54	1226849	None
SAMN10221093	100.0	1.9	Neural Network (Specific Model)	11	0.878	197124	297.3065335753176	5586411	0.5	5510	192	346596	None
SAMN10221096	100.0	2.61	Neural Network (Specific Model)	11	0.876	98577	307.277661397829	5515702	0.5	5251	223	239334	None
SAMN10221103	100.0	1.16	Neural Network (Specific Model)	11	0.883	182415	311.616776665957	4964453	0.51	4697	94	629956	None
SAMN10221118	100.0	0.84	Neural Network (Specific Model)	11	0.881	121712	303.9923316062176	4984628	0.51	4825	153	281243	None
SAMN10221122	100.0	0.48	Neural Network (Specific Model)	11	0.88	148548	307.6572964034725	5065975	0.51	4838	116	640529	None
SAMN10221125	100.0	0.21	Neural Network (Specific Model)	11	0.877	196732	303.3989959839357	5157745	0.51	4980	172	550534	None
SAMN10221126	100.0	0.21	Neural Network (Specific Model)	11	0.874	130795	309.1970663265306	4985292	0.51	4704	130	465173	None
SAMN10221130	100.0	0.19	Neural Network (Specific Model)	11	0.876	150677	308.5315503552027	5050886	0.51	4786	127	628669	None
SAMN10221141	100.0	0.18	Neural Network (Specific Model)	11	0.878	219700	312.3341116535767	5022017	0.51	4711	107	374066	None
SAMN10221148	100.0	0.04	Neural Network (Specific Model)	11	0.879	94539	300.33184945366247	5058445	0.51	4942	237	328433	None
SAMN10221152	100.0	0.07	Neural Network (Specific Model)	11	0.876	81029	305.92849086397473	4637917	0.51	4433	168	236173	None
SAMN10221158	100.0	0.31	Neural Network (Specific Model)	11	0.88	256871	311.94946004319655	4917124	0.51	4630	148	381942	None
SAMN10221159	100.0	0.31	Neural Network (Specific Model)	11	0.877	82929	306.58301158301157	4881439	0.51	4662	188	217079	None
SAMN10221164	100.0	0.11	Neural Network (Specific Model)	11	0.88	363288	311.2990867579909	5102861	0.51	4818	75	599052	None
SAMN10221236	100.0	1.12	Neural Network (Specific Model)	11	0.881	246047	309.2202684817546	5562426	0.5	5289	129	686801	None
SAMN10221247	100.0	0.06	Neural Network (Specific Model)	11	0.881	204278	311.8643773092806	4876819	0.51	4601	86	416142	None
SAMN10221248	100.0	0.23	Neural Network (Specific Model)	11	0.884	90280	310.1257572592438	5027167	0.51	4787	154	199896	None
SAMN10221260	100.0	0.1	Neural Network (Specific Model)	11	0.877	119248	308.3004766031196	4860412	0.51	4616	128	357348	None
SAMN10221261	100.0	0.48	Neural Network (Specific Model)	11	0.876	145297	308.68647256882554	5328764	0.5	5049	133	471157	None
SAMN10221280	100.0	0.1	Neural Network (Specific Model)	11	0.875	176102	303.33952736820845	5138153	0.51	4951	163	460672	None
SAMN10221282	100.0	0.0	Neural Network (Specific Model)	11	0.88	112668	307.72319093286836	4805876	0.51	4588	128	365664	None
SAMN10221291	100.0	0.15	Neural Network (Specific Model)	11	0.881	82720	299.5734973219599	5133310	0.51	5041	213	312867	None
SAMN10221296	100.0	0.15	Neural Network (Specific Model)	11	0.879	120986	306.0605995255553	4836029	0.51	4637	143	283327	None
SAMN10221318	100.0	1.11	Neural Network (Specific Model)	11	0.881	293399	306.1849357011635	5100321	0.5	4899	174	483185	None
SAMN10221319	100.0	0.21	Neural Network (Specific Model)	11	0.877	58964	298.7082423038729	5136716	0.51	5035	246	279058	None
SAMN10221327	100.0	1.29	Neural Network (Specific Model)	11	0.881	109607	303.4366051047935	4968462	0.51	4819	197	442983	None
SAMN10221367	100.0	0.09	Neural Network (Specific Model)	11	0.88	154819	311.51206669591926	4830713	0.51	4558	93	392259	None
SAMN10221431	100.0	0.02	Neural Network (Specific Model)	11	0.878	67266	298.13419405320815	5197467	0.51	5112	263	232658	None
SAMN10221439	100.0	0.66	Neural Network (Specific Model)	11	0.883	219959	309.94534585824084	4924720	0.51	4684	101	400935	None
SAMN10221440	100.0	0.59	Neural Network (Specific Model)	11	0.879	115779	308.74305555555554	5001036	0.51	4752	140	356019	None
SAMN10221452	100.0	0.26	Neural Network (Specific Model)	11	0.874	111701	297.5134670487106	5334318	0.51	5235	263	345737	None
SAMN10221477	100.0	0.07	Neural Network (Specific Model)	11	0.882	185733	310.03444654484355	5012801	0.51	4761	109	593362	None
SAMN10221483	100.0	1.12	Neural Network (Specific Model)	11	0.88	211379	311.59606432501056	5009210	0.51	4726	68	421441	None
SAMN10221486	100.0	1.13	Neural Network (Specific Model)	11	0.883	140194	312.7129767739186	4975636	0.51	4693	96	387761	None
SAMN10221490	100.0	0.49	Neural Network (Specific Model)	11	0.883	152962	311.41712127570287	5035544	0.51	4766	81	284202	None
SAMN10221491	100.0	1.01	Neural Network (Specific Model)	11	0.878	258744	303.72050925004976	5205742	0.51	5027	103	805330	None
SAMN10221528	100.0	0.8	Neural Network (Specific Model)	11	0.877	120167	302.6714108910891	5009995	0.51	4848	172	453760	None
SAMN10221531	100.0	0.71	Neural Network (Specific Model)	11	0.877	84449	298.5406289765497	5608319	0.5	5501	347	218261	None
SAMN10221534	100.0	0.26	Neural Network (Specific Model)	11	0.873	118794	299.74638100752753	5325790	0.5	5181	145	331959	None
SAMN10221536	100.0	0.11	Neural Network (Specific Model)	11	0.876	139895	309.74376848331224	5011618	0.51	4734	124	757086	None
SAMN10221537	100.0	0.18	Neural Network (Specific Model)	11	0.881	124079	303.76416856964914	4972459	0.51	4817	143	416547	None
SAMN10221548	100.0	0.09	Neural Network (Specific Model)	11	0.874	126645	309.25610287707065	4861819	0.51	4588	122	276366	None
SAMN10221549	100.0	0.19	Neural Network (Specific Model)	11	0.879	309011	307.7956039441249	5102568	0.51	4868	120	444480	None
SAMN10221552	100.0	0.31	Neural Network (Specific Model)	11	0.871	108958	296.10011269722014	5420875	0.51	5324	326	384307	None
SAMN10221557	100.0	0.11	Neural Network (Specific Model)	11	0.879	209910	311.1249195106246	4941551	0.51	4659	106	391818	None
SAMN10221580	100.0	0.11	Neural Network (Specific Model)	11	0.878	189662	305.4454394002499	5001807	0.51	4802	111	637886	None
SAMN10221583	100.0	0.9	Neural Network (Specific Model)	11	0.884	165955	303.0633844927247	5152006	0.51	5017	167	468553	None
SAMN10221586	100.0	0.29	Neural Network (Specific Model)	11	0.873	87674	303.80106209150324	5102975	0.5	4896	204	380365	None
SAMN10221589	100.0	0.17	Neural Network (Specific Model)	11	0.878	153449	309.79216539717083	4853574	0.51	4595	119	393511	None
SAMN10221590	100.0	2.8	Neural Network (Specific Model)	11	0.885	49499	307.33895169578625	5059008	0.5	4865	208	126571	None
SAMN10221594	100.0	1.21	Neural Network (Specific Model)	11	0.882	148103	311.133305030779	4976422	0.51	4711	86	597288	None
SAMN10221608	100.0	0.13	Neural Network (Specific Model)	11	0.87	88320	307.02638859331773	4969201	0.51	4699	176	234958	None
SAMN10221615	100.0	0.35	Neural Network (Specific Model)	11	0.878	244667	312.2294129848579	5131723	0.51	4821	130	447609	None
SAMN10221650	100.0	1.25	Neural Network (Specific Model)	11	0.879	168722	305.4021543985637	5218357	0.5	5013	146	602144	None
SAMN10221655	100.0	0.61	Neural Network (Specific Model)	11	0.88	131183	305.6000420786871	4941057	0.51	4753	146	434534	None
SAMN10221661	100.0	0.19	Neural Network (Specific Model)	11	0.879	79842	305.8155854753162	5109366	0.51	4902	210	270965	None
SAMN09521700	100.0	1.12	Neural Network (Specific Model)	11	0.882	110635	308.4934131736527	5245900	0.51	5010	134	300464	None
SAMN09521702	100.0	0.11	Neural Network (Specific Model)	11	0.886	186631	317.79014052061734	4663008	0.51	4341	65	578926	None
SAMN09521703	100.0	0.1	Neural Network (Specific Model)	11	0.88	202629	309.28598930481286	4922786	0.51	4675	82	426167	None
SAMN09521746	100.0	0.04	Neural Network (Specific Model)	11	0.881	147046	308.9860494610019	4969506	0.51	4731	102	569270	None
SAMN09521752	100.0	0.13	Neural Network (Specific Model)	11	0.885	130956	313.21993281075027	4732456	0.51	4465	117	339370	None
SAMN09725139	100.0	0.45	Neural Network (Specific Model)	11	0.872	97551	292.1838144147335	5668537	0.5	5647	226	256272	None
SAMN09725160	100.0	0.17	Neural Network (Specific Model)	11	0.876	81368	290.1060777651944	5253799	0.51	5298	352	198290	None
SAMN09725173	100.0	0.37	Neural Network (Specific Model)	11	0.875	98790	286.36399855124955	5411996	0.51	5522	427	318996	None
SAMN09725178	100.0	0.86	Neural Network (Specific Model)	11	0.88	140792	304.2677573822825	5187328	0.51	5012	162	493287	None
SAMN09725183	100.0	0.02	Neural Network (Specific Model)	11	0.873	63298	303.327900084674	4913879	0.51	4724	200	236829	None
SAMN09725191	100.0	0.02	Neural Network (Specific Model)	11	0.883	124548	313.6706710853355	5138275	0.51	4828	140	298652	None
SAMN09725195	100.0	0.06	Neural Network (Specific Model)	11	0.876	131783	303.8860157219694	5023600	0.51	4834	158	392694	None
SAMN09725208	100.0	0.71	Neural Network (Specific Model)	11	0.883	138839	312.2192229038855	5181208	0.51	4890	144	463792	None
SAMN09726411	100.0	0.29	Neural Network (Specific Model)	11	0.885	311193	299.9291162790698	5453366	0.51	5375	114	886118	None
SAMN09726418	100.0	0.15	Neural Network (Specific Model)	11	0.879	105700	304.9540298507463	5218612	0.5	5025	172	324555	None
SAMN09728987	100.0	0.24	Neural Network (Specific Model)	11	0.879	206166	300.89385898407886	5411206	0.51	5276	181	614409	None
SAMN09730234	100.0	0.09	Neural Network (Specific Model)	11	0.881	104651	312.3862235915493	4824733	0.51	4544	142	253279	None
SAMN09742378	100.0	0.26	Neural Network (Specific Model)	11	0.881	92402	309.5613382899628	4813479	0.51	4573	146	330358	None
SAMN09742384	100.0	0.32	Neural Network (Specific Model)	11	0.875	87176	301.2867362722351	5335361	0.51	5172	211	243710	None
SAMN09756542	100.0	0.2	Neural Network (Specific Model)	11	0.878	99527	306.52257781674706	4771706	0.51	4562	203	234623	None
SAMN09780226	100.0	0.07	Neural Network (Specific Model)	11	0.872	97928	298.4401046909603	5090381	0.5	4967	205	394902	None
SAMN09780227	100.0	0.13	Neural Network (Specific Model)	11	0.879	105598	307.99004149377595	5058000	0.51	4820	155	394505	None
SAMN09784433	100.0	0.14	Neural Network (Specific Model)	11	0.88	55701	294.04452255418863	5123036	0.51	5121	329	204372	None
SAMN09828447	100.0	0.13	Neural Network (Specific Model)	11	0.873	47928	301.6719411633608	4645052	0.51	4487	237	191006	None
SAMN09828461	100.0	0.37	Neural Network (Specific Model)	11	0.877	76797	306.69166500895165	5265569	0.51	5027	219	220276	None
SAMN09828462	100.0	0.12	Neural Network (Specific Model)	11	0.883	138927	309.51749619647904	4830847	0.51	4601	116	378268	None
SAMN09828463	100.0	0.48	Neural Network (Specific Model)	11	0.878	118090	304.57328015952146	5208288	0.51	5015	197	327770	None
SAMN09828467	100.0	0.16	Neural Network (Specific Model)	11	0.88	82280	307.6051652440359	4781797	0.51	4569	183	274269	None
SAMN09828470	100.0	0.25	Neural Network (Specific Model)	11	0.882	77513	310.38125	4722625	0.51	4480	170	219940	None
SAMN09849958	100.0	0.15	Neural Network (Specific Model)	11	0.884	147762	313.6456442831216	4685032	0.51	4408	103	379156	None
SAMN09849962	100.0	0.07	Neural Network (Specific Model)	11	0.882	134829	307.20715789473684	4951826	0.51	4750	118	502129	None
SAMN09849964	100.0	0.07	Neural Network (Specific Model)	11	0.875	100341	309.91773111063003	4899839	0.51	4619	146	264022	None
SAMN09849966	100.0	0.43	Neural Network (Specific Model)	11	0.879	79868	307.5230152027027	4960151	0.51	4736	189	340501	None
SAMN09849970	100.0	0.12	Neural Network (Specific Model)	11	0.879	82003	306.0587734241908	4898590	0.51	4696	178	198142	None
SAMN09866597	100.0	0.02	Neural Network (Specific Model)	11	0.879	118795	312.4732700763712	4601600	0.51	4321	126	311428	None
SAMN09866598	100.0	0.07	Neural Network (Specific Model)	11	0.878	95280	311.3368465430017	5037944	0.51	4744	176	224424	None
SAMN09914039	100.0	0.24	Neural Network (Specific Model)	11	0.879	346220	309.93519483225674	5065162	0.51	4799	59	568020	None
SAMN09914040	100.0	0.22	Neural Network (Specific Model)	11	0.883	218284	314.81672240802675	4789605	0.51	4485	91	361004	None
SAMN09914104	100.0	0.11	Neural Network (Specific Model)	11	0.878	110624	308.86109403810696	5140398	0.51	4881	144	412309	None
SAMN09914106	100.0	0.15	Neural Network (Specific Model)	11	0.88	134787	310.7177677998717	4946943	0.51	4677	109	390614	None
SAMN09917917	100.0	0.14	Neural Network (Specific Model)	11	0.879	97810	313.44380602160425	4646466	0.51	4351	151	262658	None
SAMN09917918	100.0	0.33	Neural Network (Specific Model)	11	0.877	95544	307.25444957152274	4774268	0.51	4551	142	218820	None
SAMN09980187	100.0	0.14	Neural Network (Specific Model)	11	0.875	143172	302.230877052463	5166431	0.51	4994	239	411808	None
SAMN09980192	100.0	0.28	Neural Network (Specific Model)	11	0.88	95704	310.98493651818376	4921181	0.51	4647	144	246468	None
SAMN09980202	100.0	0.08	Neural Network (Specific Model)	11	0.879	83588	306.255500207555	5028961	0.51	4818	164	269507	None
SAMN10034790	100.0	0.3	Neural Network (Specific Model)	11	0.878	81332	304.87010676156586	5261334	0.51	5058	242	187013	None
SAMN10034795	100.0	0.1	Neural Network (Specific Model)	11	0.883	168606	314.5441478439425	4674070	0.51	4383	89	568801	None
SAMN10034809	100.0	0.18	Neural Network (Specific Model)	11	0.883	88312	310.96049806784026	4913997	0.51	4658	153	290099	None
SAMN10034810	100.0	0.18	Neural Network (Specific Model)	11	0.878	74525	302.8982433590403	4825490	0.51	4668	198	179154	None
SAMN10057140	100.0	0.11	Neural Network (Specific Model)	11	0.884	226361	317.44247996228194	4564133	0.51	4242	81	428438	None
SAMN10078810	100.0	0.08	Neural Network (Specific Model)	11	0.881	110285	303.60881707560344	5171563	0.51	5013	133	555554	None
SAMN10078812	100.0	0.77	Neural Network (Specific Model)	11	0.884	116583	307.83964451313756	5400333	0.51	5176	171	347494	None
SAMN10078813	100.0	0.1	Neural Network (Specific Model)	11	0.877	98157	303.61230585424136	5208678	0.51	5022	188	268418	None
SAMN10078819	100.0	0.08	Neural Network (Specific Model)	11	0.883	112340	309.27462560641214	4971278	0.51	4741	132	341531	None
SAMN10118346	100.0	1.39	Neural Network (Specific Model)	11	0.877	64036	295.86208875286917	5280124	0.51	5228	254	200981	None
SAMN10129925	100.0	0.13	Neural Network (Specific Model)	11	0.881	70994	310.17308515190416	4930583	0.51	4674	180	234858	None
SAMN10129930	100.0	0.07	Neural Network (Specific Model)	11	0.878	72168	308.63544700873854	4696560	0.51	4463	147	212729	None
SAMN10142232	100.0	0.22	Neural Network (Specific Model)	11	0.883	252795	311.4486731125283	5134488	0.51	4861	179	678727	None
SAMN10142234	100.0	0.1	Neural Network (Specific Model)	11	0.878	112056	304.0530200038842	5341716	0.51	5149	216	500821	None
SAMN10142493	100.0	0.19	Neural Network (Specific Model)	11	0.882	132792	310.64028776978415	4982027	0.51	4726	102	578483	None
SAMN10142497	100.0	0.18	Neural Network (Specific Model)	11	0.88	146344	309.82738095238096	4962406	0.5	4704	90	387730	None
SAMN10142510	100.0	0.14	Neural Network (Specific Model)	11	0.883	156149	312.1710076857387	4961228	0.51	4684	100	358003	None
SAMN10220958	100.0	0.25	Neural Network (Specific Model)	11	0.873	257014	306.6823480432972	5052728	0.5	4804	195	409948	None
SAMN10220959	100.0	0.18	Neural Network (Specific Model)	11	0.876	159135	310.3907572141462	4889356	0.51	4609	105	606135	None
SAMN10220964	100.0	0.19	Neural Network (Specific Model)	11	0.873	125858	298.3544474393531	5315249	0.5	5194	167	382957	None
SAMN10220970	100.0	0.19	Neural Network (Specific Model)	11	0.877	124542	304.51120418848166	4965908	0.51	4775	153	674007	None
SAMN10220978	100.0	0.97	Neural Network (Specific Model)	11	0.883	336027	312.6517551369863	4952774	0.5	4672	90	633091	None
SAMN10220979	100.0	0.36	Neural Network (Specific Model)	11	0.877	107764	307.18520757758967	5204109	0.5	4962	198	345475	None
SAMN10220983	100.0	0.21	Neural Network (Specific Model)	11	0.884	387987	318.6739380022962	4702166	0.51	4355	59	892419	None
SAMN10220986	100.0	0.54	Neural Network (Specific Model)	11	0.874	122229	303.820054656296	4950672	0.5	4757	157	411283	None
SAMN10221010	100.0	0.13	Neural Network (Specific Model)	11	0.882	140995	308.4038859032658	5065237	0.51	4838	129	420225	None
SAMN10221011	100.0	0.61	Neural Network (Specific Model)	11	0.876	314789	311.31102531102533	4963078	0.51	4662	104	609369	None
SAMN10221016	100.0	1.03	Neural Network (Specific Model)	11	0.881	118605	308.04962153069806	4980448	0.51	4756	147	417614	None
SAMN10221017	100.0	0.1	Neural Network (Specific Model)	11	0.872	149341	306.08439425051336	5118486	0.5	4870	120	630700	None
SAMN10221019	100.0	0.48	Neural Network (Specific Model)	11	0.877	112727	307.634306869601	5105565	0.51	4862	159	279041	None
SAMN10221021	100.0	0.44	Neural Network (Specific Model)	11	0.875	175719	296.7995005351409	5695359	0.5	5606	251	431503	None
SAMN10221026	100.0	0.05	Neural Network (Specific Model)	11	0.878	101764	307.3097814555485	4938257	0.51	4713	194	291839	None
SAMN10221045	100.0	0.86	Neural Network (Specific Model)	11	0.88	109217	310.13231552162847	4977590	0.51	4716	158	263927	None
SAMN10221069	100.0	0.1	Neural Network (Specific Model)	11	0.876	67991	296.1501225490196	4954337	0.51	4896	239	184749	None
SAMN10221070	100.0	0.08	Neural Network (Specific Model)	11	0.879	77396	312.18764146672703	4697717	0.51	4418	158	212085	None
SAMN10221071	100.0	0.06	Neural Network (Specific Model)	11	0.882	135908	305.25987048255695	4962856	0.51	4787	180	596795	None
SAMN10221072	100.0	0.29	Neural Network (Specific Model)	11	0.878	147694	304.5266565939996	4809856	0.51	4633	145	428990	None
SAMN10221074	100.0	1.16	Neural Network (Specific Model)	11	0.882	267994	310.7985880398671	5081022	0.51	4816	94	535061	None
SAMN10221076	100.0	0.26	Neural Network (Specific Model)	11	0.88	225403	298.411306042885	5210161	0.51	5130	168	350231	None
SAMN10221077	100.0	0.29	Neural Network (Specific Model)	11	0.879	152289	305.3380251190992	4806751	0.51	4618	129	428990	None
SAMN10221078	100.0	0.65	Neural Network (Specific Model)	11	0.867	78866	292.5713793103448	5856940	0.5	5800	367	210107	None
SAMN10221079	100.0	0.05	Neural Network (Specific Model)	11	0.882	213612	313.2239984211565	5389193	0.51	5067	117	499890	None
SAMN10221080	100.0	0.3	Neural Network (Specific Model)	11	0.878	154707	301.4293499416115	5281472	0.51	5138	210	488718	None
SAMN10221082	100.0	0.78	Neural Network (Specific Model)	11	0.88	275585	308.3817512274959	5127452	0.51	4888	148	1105741	None
SAMN10221086	100.0	0.13	Neural Network (Specific Model)	11	0.883	225151	312.4727312872599	4797878	0.51	4529	77	326643	None
SAMN10221087	100.0	0.01	Neural Network (Specific Model)	11	0.875	129963	304.09516583568177	4802623	0.51	4613	128	525877	None
SAMN10221090	100.0	0.29	Neural Network (Specific Model)	11	0.877	68381	294.6887793783169	5306101	0.51	5276	314	208196	None
SAMN10221106	99.99	0.27	Neural Network (Specific Model)	11	0.881	112933	309.0155022736668	5081369	0.51	4838	120	295865	None
SAMN10221107	100.0	0.31	Neural Network (Specific Model)	11	0.881	225604	310.66236240474177	4990077	0.51	4724	71	658109	None
SAMN10221120	100.0	0.81	Neural Network (Specific Model)	11	0.885	207205	310.3003141361257	5013244	0.51	4775	77	760192	None
SAMN10221123	100.0	1.5	Neural Network (Specific Model)	11	0.881	221008	306.92351892213196	5265077	0.5	5047	113	530711	None
SAMN10221127	100.0	1.33	Neural Network (Specific Model)	11	0.879	287783	310.6725025746653	5138733	0.51	4855	120	669235	None
SAMN10221138	100.0	0.19	Neural Network (Specific Model)	11	0.88	119571	307.8871644295302	4995782	0.51	4768	150	269369	None
SAMN10221144	100.0	0.36	Neural Network (Specific Model)	11	0.867	64817	286.8328556073092	5527615	0.51	5582	418	214077	None
SAMN10221145	100.0	0.07	Neural Network (Specific Model)	11	0.879	168671	309.78871705510784	4845831	0.51	4591	125	495052	None
SAMN10221146	100.0	0.37	Neural Network (Specific Model)	11	0.878	195247	307.35497835497836	5084105	0.51	4851	132	473683	None
SAMN10221150	100.0	0.11	Neural Network (Specific Model)	11	0.877	147613	309.0404697001468	5035552	0.51	4769	130	399608	None
SAMN10221151	100.0	0.17	Neural Network (Specific Model)	11	0.873	81455	300.5128760008656	4765882	0.51	4621	211	241111	None
SAMN10221153	100.0	0.05	Neural Network (Specific Model)	11	0.88	158348	310.66761177753546	4848246	0.51	4585	103	397576	None
SAMN10221154	100.0	0.09	Neural Network (Specific Model)	11	0.881	193407	308.84242939052876	4946366	0.51	4709	133	566783	None
SAMN10221157	100.0	0.16	Neural Network (Specific Model)	11	0.877	112728	307.49137034726556	5050831	0.51	4809	171	380001	None
SAMN10221160	100.0	0.08	Neural Network (Specific Model)	11	0.88	218741	308.8578848950758	5061099	0.51	4813	108	414980	None
SAMN10221162	100.0	0.16	Neural Network (Specific Model)	11	0.881	182685	305.4848308051342	5336518	0.5	5142	165	542246	None
SAMN10221165	100.0	1.08	Neural Network (Specific Model)	11	0.88	185436	309.81601293974927	5214513	0.5	4946	100	610892	None
SAMN10221166	100.0	0.12	Neural Network (Specific Model)	11	0.876	115556	304.4298669891173	5162906	0.51	4962	168	505869	None
SAMN10221167	100.0	0.04	Neural Network (Specific Model)	11	0.878	111954	311.75321612349916	4960127	0.51	4664	128	516985	None
SAMN10221190	100.0	0.44	Neural Network (Specific Model)	11	0.87	66687	295.0354110581901	4906865	0.51	4829	330	287053	None
SAMN10221192	100.0	0.25	Neural Network (Specific Model)	11	0.876	186723	307.7061780104712	5022223	0.5	4775	114	379230	None
SAMN10221193	100.0	1.56	Neural Network (Specific Model)	11	0.878	229887	306.2937488124644	5496651	0.5	5263	104	586660	None
SAMN10221196	100.0	0.18	Neural Network (Specific Model)	11	0.876	91326	299.2362026359143	4967479	0.51	4856	190	348750	None
SAMN10221197	100.0	0.22	Neural Network (Specific Model)	11	0.878	42301	295.83426339285717	5426325	0.51	5376	389	160911	None
SAMN10221199	100.0	0.34	Neural Network (Specific Model)	11	0.88	105339	303.58228605625374	5179082	0.51	5013	289	273114	None
SAMN10221200	100.0	0.15	Neural Network (Specific Model)	11	0.881	105744	305.892382639504	4698131	0.51	4516	149	220248	None
SAMN10221202	100.0	1.34	Neural Network (Specific Model)	11	0.878	214664	310.1276989512647	5145125	0.51	4863	111	467542	None
SAMN10221226	100.0	0.21	Neural Network (Specific Model)	11	0.876	107940	308.6307329618517	4924321	0.51	4666	148	258579	None
SAMN10221227	100.0	1.66	Neural Network (Specific Model)	11	0.876	210569	299.9092400218699	5625148	0.5	5487	261	452293	None
SAMN10221239	100.0	0.09	Neural Network (Specific Model)	11	0.879	209922	310.9444325710622	4955914	0.51	4679	101	388585	None
SAMN10221240	100.0	0.26	Neural Network (Specific Model)	11	0.88	246842	315.03846153846155	4905726	0.51	4576	66	663468	None
SAMN10221243	100.0	0.5	Neural Network (Specific Model)	11	0.877	103790	300.5479727017262	5111326	0.51	4982	198	348096	None
SAMN10221244	100.0	0.43	Neural Network (Specific Model)	11	0.877	107637	300.99603567889	5182357	0.5	5045	210	276377	None
SAMN10221253	100.0	0.15	Neural Network (Specific Model)	11	0.879	114404	311.2716335030079	4586146	0.51	4322	143	403586	None
SAMN10221254	100.0	0.19	Neural Network (Specific Model)	11	0.875	106282	299.83446571958	4982332	0.51	4857	213	227076	None
SAMN10221263	100.0	0.13	Neural Network (Specific Model)	11	0.881	168509	309.39747899159664	5005358	0.51	4760	119	399651	None
SAMN10221265	100.0	1.89	Neural Network (Specific Model)	11	0.878	82670	305.8243083003953	5275564	0.51	5060	200	258753	None
SAMN10221279	100.0	0.15	Neural Network (Specific Model)	11	0.883	209064	314.60234860695374	4633367	0.51	4343	70	430913	None
SAMN10221284	100.0	0.04	Neural Network (Specific Model)	11	0.883	232883	309.20382165605093	4941767	0.51	4710	106	756881	None
SAMN10221286	100.0	0.67	Neural Network (Specific Model)	11	0.881	282802	310.02844073190136	5297608	0.5	5028	142	685979	None
SAMN10221287	100.0	0.19	Neural Network (Specific Model)	11	0.876	148922	307.82083862770014	4969993	0.51	4722	153	344669	None
SAMN10221292	100.0	1.31	Neural Network (Specific Model)	11	0.869	70028	278.97898047004304	5807647	0.5	6042	734	224535	None
SAMN10221297	100.0	1.25	Neural Network (Specific Model)	11	0.871	103109	287.6493484224966	5767623	0.5	5832	465	250034	None
SAMN10221317	100.0	0.52	Neural Network (Specific Model)	11	0.876	214324	308.05482815057286	5149232	0.51	4888	121	467013	None
SAMN10221321	100.0	0.23	Neural Network (Specific Model)	11	0.875	71923	299.88520513883134	4954329	0.51	4826	326	203667	None
SAMN10221323	100.0	0.24	Neural Network (Specific Model)	11	0.881	167456	310.20364484000845	4978422	0.51	4719	114	543470	None
SAMN10221325	100.0	0.23	Neural Network (Specific Model)	11	0.881	210033	308.6551579828416	5014940	0.51	4779	112	623894	None
SAMN10221328	100.0	0.04	Neural Network (Specific Model)	11	0.884	201254	319.4691330998249	4945965	0.51	4568	82	496898	None
SAMN10221329	100.0	0.75	Neural Network (Specific Model)	11	0.873	288416	303.65168320684955	5350613	0.5	5139	145	579054	None
SAMN10221337	100.0	0.06	Neural Network (Specific Model)	11	0.873	172127	298.72616185897436	5112312	0.51	4992	178	535769	None
SAMN10221349	100.0	2.19	Neural Network (Specific Model)	11	0.88	139048	309.6025211739216	5348202	0.5	5077	110	422179	None
SAMN10221356	100.0	0.06	Neural Network (Specific Model)	11	0.881	364088	311.07514685031396	5221661	0.5	4937	119	743003	None
SAMN10221357	100.0	0.51	Neural Network (Specific Model)	11	0.874	98173	296.13487551460497	5174034	0.51	5101	236	240707	None
SAMN10221358	100.0	0.1	Neural Network (Specific Model)	11	0.881	157054	309.90916701548764	5033375	0.51	4778	113	324338	None
SAMN10221361	100.0	0.13	Neural Network (Specific Model)	11	0.879	213199	311.368722186904	5004640	0.51	4719	82	483784	None
SAMN10221363	100.0	0.25	Neural Network (Specific Model)	11	0.876	146600	296.3655019412091	5479168	0.5	5409	185	567855	None
SAMN10221364	100.0	0.13	Neural Network (Specific Model)	11	0.879	125180	313.5112127150011	4904884	0.51	4593	126	410567	None
SAMN10221366	100.0	2.51	Neural Network (Specific Model)	11	0.881	197781	305.880274581062	5148214	0.5	4953	153	537018	None
SAMN10221389	100.0	0.25	Neural Network (Specific Model)	11	0.865	90361	291.5559017595308	5508653	0.5	5456	343	209461	None
SAMN10221397	100.0	1.19	Neural Network (Specific Model)	11	0.88	76396	305.9900507218104	5339328	0.5	5126	239	283834	None
SAMN10221409	100.0	0.17	Neural Network (Specific Model)	11	0.883	137092	305.6722830665543	4923634	0.51	4748	151	393376	None
SAMN10221410	100.0	0.17	Neural Network (Specific Model)	11	0.882	135329	306.760162601626	5124083	0.51	4920	139	375460	None
SAMN10221413	100.0	0.09	Neural Network (Specific Model)	11	0.877	109979	310.6387881374013	4971958	0.51	4687	130	238992	None
SAMN10221414	100.0	0.25	Neural Network (Specific Model)	11	0.876	83125	305.6675461741425	5545895	0.51	5306	219	300256	None
SAMN10221428	100.0	0.46	Neural Network (Specific Model)	11	0.878	154811	308.0945598417409	5312268	0.5	5055	121	415487	None
SAMN10221432	100.0	0.14	Neural Network (Specific Model)	11	0.878	79893	305.4897660818713	4988086	0.51	4788	200	285326	None
SAMN10221435	100.0	1.24	Neural Network (Specific Model)	11	0.882	276254	309.61755233494364	5221510	0.51	4968	89	635355	None
SAMN10221437	100.0	0.16	Neural Network (Specific Model)	11	0.883	156491	306.56524493243245	4923685	0.51	4736	149	297542	None
SAMN10221441	100.0	0.12	Neural Network (Specific Model)	11	0.875	139116	302.001002004008	5154633	0.51	4990	185	605980	None
SAMN10221442	100.0	0.0	Neural Network (Specific Model)	11	0.881	173162	310.87330411187645	5064941	0.51	4791	112	386171	None
SAMN10221444	100.0	0.15	Neural Network (Specific Model)	11	0.872	51682	294.77501579945226	4804034	0.51	4747	311	180281	None
SAMN10221445	100.0	0.27	Neural Network (Specific Model)	11	0.876	86671	303.5121453357828	5083702	0.51	4899	238	228294	None
SAMN10221446	100.0	0.19	Neural Network (Specific Model)	11	0.881	210432	311.3946649863474	5040107	0.51	4761	72	522912	None
SAMN10221451	100.0	0.23	Neural Network (Specific Model)	11	0.877	74917	306.10856079404465	5052750	0.51	4836	207	233756	None
SAMN10221453	100.0	0.1	Neural Network (Specific Model)	11	0.876	150604	309.436953275016	4956427	0.51	4687	167	508850	None
SAMN10221455	100.0	0.23	Neural Network (Specific Model)	11	0.874	122240	299.52669902912623	5497547	0.5	5356	193	446009	None
SAMN10221457	100.0	0.1	Neural Network (Specific Model)	11	0.88	112069	307.62962166809973	4868795	0.51	4652	127	303418	None
SAMN10221459	100.0	0.12	Neural Network (Specific Model)	11	0.876	123653	299.73140749846345	5002274	0.51	4881	448	297000	None
SAMN10221462	100.0	0.34	Neural Network (Specific Model)	11	0.881	96322	305.6486377396569	5145293	0.51	4955	176	287158	None
SAMN10221463	100.0	0.13	Neural Network (Specific Model)	11	0.869	85154	306.87406934694746	4970443	0.51	4701	180	228031	None
SAMN10221466	100.0	0.05	Neural Network (Specific Model)	11	0.887	256194	321.09647745120037	4832322	0.51	4457	78	578198	None
SAMN10221468	100.0	0.23	Neural Network (Specific Model)	11	0.876	78786	303.6099334995844	4996582	0.51	4812	240	266649	None
SAMN10221469	100.0	0.7	Neural Network (Specific Model)	11	0.883	179650	308.85075834175933	5179437	0.51	4945	155	340723	None
SAMN10221471	100.0	0.34	Neural Network (Specific Model)	11	0.879	160496	303.84070972886764	5195840	0.51	5016	150	536368	None
SAMN10221476	100.0	0.1	Neural Network (Specific Model)	11	0.874	166145	304.35446985446987	5018546	0.51	4810	334	388811	None
SAMN10221478	100.0	0.19	Neural Network (Specific Model)	11	0.878	100394	301.81847496206376	5424700	0.5	5272	232	298439	None
SAMN10221479	100.0	0.12	Neural Network (Specific Model)	11	0.877	149566	309.64296927562236	4717148	0.51	4459	93	428897	None
SAMN10221480	100.0	0.32	Neural Network (Specific Model)	11	0.877	118989	299.509246642009	5254783	0.51	5137	193	460893	None
SAMN10221482	100.0	0.47	Neural Network (Specific Model)	11	0.884	57139	304.82445759368835	4714182	0.51	4563	195	208758	None
SAMN10221485	100.0	1.13	Neural Network (Specific Model)	11	0.888	97087	315.507116620753	4636669	0.51	4356	119	349519	None
SAMN10221512	100.0	0.0	Neural Network (Specific Model)	11	0.877	99689	311.65077910174153	4646949	0.51	4364	151	198976	None
SAMN10221526	100.0	0.76	Neural Network (Specific Model)	11	0.88	686912	316.3079939011109	4945379	0.5	4591	46	721912	None
SAMN10221529	100.0	0.09	Neural Network (Specific Model)	11	0.877	62609	294.5711781888997	5163469	0.51	5135	348	174788	None
SAMN10221551	100.0	0.28	Neural Network (Specific Model)	11	0.878	48723	294.76054895534617	4909752	0.51	4882	279	148486	None
SAMN10221553	100.0	0.13	Neural Network (Specific Model)	11	0.884	210594	310.4771891891892	4866085	0.51	4625	69	455762	None
SAMN10221579	100.0	0.1	Neural Network (Specific Model)	11	0.877	127331	304.36414975946457	4971034	0.51	4781	158	358702	None
SAMN10221581	100.0	1.44	Neural Network (Specific Model)	11	0.883	268744	314.8033536585366	4904361	0.51	4592	56	932878	None
SAMN10221588	100.0	0.25	Neural Network (Specific Model)	11	0.878	212462	303.5117217524981	5385607	0.5	5204	172	766219	None
SAMN10221610	100.0	0.16	Neural Network (Specific Model)	11	0.884	152499	312.9646978954515	4687064	0.51	4419	108	354340	None
SAMN10221611	100.0	0.05	Neural Network (Specific Model)	11	0.887	254886	321.14336997980706	4832301	0.51	4457	80	578848	None
SAMN10221612	100.0	0.21	Neural Network (Specific Model)	11	0.883	137232	305.23016877637133	4908517	0.51	4740	126	331721	None
SAMN10221624	100.0	0.01	Neural Network (Specific Model)	11	0.88	65187	301.67310400321867	5106039	0.51	4971	249	202523	None
SAMN10221626	100.0	0.11	Neural Network (Specific Model)	11	0.874	147690	306.6921974196191	5130681	0.51	4883	150	501855	None
SAMN10221627	100.0	0.07	Neural Network (Specific Model)	11	0.878	186204	307.80833333333334	5164247	0.5	4920	129	591432	None
SAMN10221653	100.0	0.3	Neural Network (Specific Model)	11	0.884	153946	311.0054993400792	4790492	0.51	4546	98	294623	None
SAMN10221654	100.0	0.36	Neural Network (Specific Model)	11	0.875	161498	306.79785330948124	5285074	0.51	5031	104	657797	None
SAMN10221656	100.0	0.06	Neural Network (Specific Model)	11	0.878	188362	305.7455531453362	4806369	0.51	4610	139	539493	None
SAMN10221659	100.0	1.22	Neural Network (Specific Model)	11	0.883	181225	304.6525323910483	5262326	0.51	5094	195	422997	None
