Dimension	Value	complete	incomplete	missing
Bovine	Residuals	-8.2390889132891	-2.36602260217335	10.5254832334649
Bovine	p values	0	0.161823	0
Poultry	Residuals	9.28999311141271	1.39177800127844	-10.6959364032377
Poultry	p values	0	1	0
Swine	Residuals	-1.05090419812361	0.974244600894909	0.170453169772713
Swine	p values	1	1	1
